timestamp,order_id,type,side,price,qty
0,1,LIMIT,SELL,99.96,13
6091,2,IOC,BUY,100.03,9
10134,3,IOC,BUY,100.06,75
11247,4,LIMIT,SELL,100.00,38
18214,5,LIMIT,BUY,99.98,14
27842,6,LIMIT,BUY,99.91,8
31316,7,LIMIT,SELL,100.09,47
36327,8,LIMIT,SELL,99.99,68
44538,9,LIMIT,BUY,99.99,66
51488,10,LIMIT,SELL,100.03,98
60731,11,IOC,BUY,99.91,64
70332,12,LIMIT,BUY,99.99,8
75504,13,MARKET,SELL,,37
81924,14,LIMIT,SELL,100.11,15
90112,15,LIMIT,BUY,99.94,11
92937,16,LIMIT,SELL,100.11,36
99841,17,LIMIT,BUY,100.02,23
102419,18,LIMIT,BUY,99.97,37
102586,19,LIMIT,SELL,100.05,89
111131,20,LIMIT,SELL,100.11,51
117752,21,LIMIT,SELL,100.02,27
125071,22,LIMIT,BUY,100.03,69
126833,23,LIMIT,BUY,100.05,20
131065,24,LIMIT,BUY,100.05,60
139035,25,LIMIT,BUY,99.97,62
141780,26,LIMIT,SELL,100.11,4
150532,27,LIMIT,BUY,99.93,47
153368,28,LIMIT,SELL,100.06,79
156665,29,IOC,SELL,99.98,64
162590,30,MARKET,SELL,,61
166936,31,LIMIT,BUY,99.96,47
168355,32,LIMIT,BUY,100.06,79
168486,33,LIMIT,SELL,99.97,16
174951,34,LIMIT,BUY,100.07,43
176472,35,MARKET,BUY,,52
177963,36,LIMIT,BUY,100.05,84
180457,37,LIMIT,BUY,99.99,71
189540,38,CANCEL,,7,
198267,39,LIMIT,SELL,100.01,4
202493,40,LIMIT,SELL,100.11,54
204740,41,LIMIT,SELL,100.13,17
213553,42,LIMIT,SELL,100.14,1
216107,43,LIMIT,SELL,100.10,88
224699,44,LIMIT,SELL,100.05,32
227933,45,LIMIT,SELL,100.06,57
233367,46,LIMIT,SELL,100.12,66
242204,47,LIMIT,BUY,99.99,72
245623,48,LIMIT,BUY,100.02,86
249665,49,LIMIT,BUY,100.05,92
255764,50,IOC,SELL,100.04,51
263847,51,LIMIT,BUY,99.95,52
269503,52,LIMIT,BUY,99.98,71
277117,53,CANCEL,,23,
285694,54,LIMIT,BUY,100.00,14
287171,55,CANCEL,,54,
290245,56,LIMIT,BUY,99.99,52
292792,57,LIMIT,BUY,99.99,8
295895,58,LIMIT,SELL,100.09,11
299638,59,CANCEL,,39,
306582,60,LIMIT,BUY,99.98,15
309327,61,LIMIT,SELL,100.11,98
312799,62,LIMIT,BUY,100.01,33
313504,63,LIMIT,SELL,99.94,56
321714,64,IOC,SELL,100.03,30
327428,65,IOC,SELL,99.97,7
329654,66,LIMIT,BUY,99.92,86
334373,67,LIMIT,BUY,100.03,58
334532,68,MARKET,SELL,,71
339932,69,MARKET,BUY,,46
343029,70,LIMIT,SELL,99.98,100
343210,71,LIMIT,BUY,100.03,81
347124,72,IOC,SELL,100.04,93
355320,73,LIMIT,SELL,99.93,66
362452,74,IOC,BUY,99.89,73
362815,75,LIMIT,SELL,100.02,11
363425,76,LIMIT,BUY,99.99,81
372232,77,LIMIT,BUY,99.90,69
373838,78,LIMIT,SELL,100.01,34
377784,79,LIMIT,SELL,100.07,49
379141,80,LIMIT,SELL,100.03,10
389066,81,LIMIT,SELL,100.09,18
389370,82,LIMIT,SELL,99.98,87
397491,83,LIMIT,BUY,99.97,71
400855,84,LIMIT,BUY,99.97,65
408318,85,LIMIT,SELL,100.01,75
409897,86,LIMIT,SELL,99.94,66
414577,87,LIMIT,BUY,99.91,51
415083,88,IOC,SELL,100.02,54
420818,89,LIMIT,BUY,99.93,51
422884,90,LIMIT,BUY,99.94,48
424048,91,MARKET,SELL,,47
431161,92,IOC,BUY,100.04,37
433700,93,LIMIT,SELL,99.97,55
434275,94,LIMIT,SELL,100.08,27
435695,95,LIMIT,BUY,99.93,7
444807,96,LIMIT,BUY,99.96,52
448817,97,LIMIT,BUY,100.02,10
452322,98,IOC,SELL,100.07,98
459794,99,LIMIT,BUY,100.05,12
465125,100,LIMIT,SELL,100.08,50
472006,101,LIMIT,BUY,99.93,36
481515,102,LIMIT,SELL,100.05,12
486055,103,LIMIT,SELL,100.06,3
488239,104,LIMIT,BUY,99.95,60
495694,105,LIMIT,BUY,100.02,93
503286,106,LIMIT,BUY,99.98,17
507511,107,LIMIT,SELL,100.01,68
517161,108,LIMIT,SELL,99.99,39
524808,109,LIMIT,SELL,99.99,31
533870,110,MARKET,SELL,,40
534876,111,LIMIT,BUY,100.09,48
538691,112,LIMIT,SELL,100.13,26
538901,113,LIMIT,SELL,100.05,40
542178,114,LIMIT,SELL,100.16,64
545346,115,LIMIT,SELL,100.02,19
551892,116,LIMIT,BUY,100.06,58
557139,117,MARKET,SELL,,43
560363,118,IOC,SELL,99.98,93
566666,119,MARKET,BUY,,14
566813,120,LIMIT,SELL,100.05,49
572756,121,LIMIT,SELL,99.96,61
576062,122,IOC,BUY,99.93,4
582892,123,LIMIT,BUY,99.93,9
584007,124,LIMIT,SELL,100.06,43
584821,125,LIMIT,BUY,100.00,93
594678,126,LIMIT,SELL,100.00,14
602563,127,LIMIT,SELL,100.08,64
604837,128,LIMIT,SELL,100.04,78
608805,129,LIMIT,BUY,99.99,66
612137,130,LIMIT,BUY,99.93,71
621159,131,MARKET,SELL,,10
625598,132,LIMIT,BUY,99.93,23
629535,133,LIMIT,SELL,99.97,100
631620,134,LIMIT,BUY,99.96,95
635985,135,LIMIT,BUY,100.05,25
641431,136,LIMIT,BUY,99.94,5
643207,137,IOC,BUY,99.98,7
646412,138,IOC,BUY,100.04,23
653870,139,LIMIT,SELL,99.95,77
659699,140,LIMIT,BUY,100.02,5
669619,141,IOC,SELL,100.07,87
675810,142,LIMIT,BUY,99.91,62
676946,143,LIMIT,SELL,99.96,12
679727,144,LIMIT,SELL,100.07,7
684944,145,IOC,BUY,100.02,83
688274,146,LIMIT,SELL,100.03,55
690234,147,LIMIT,SELL,100.03,17
690577,148,IOC,BUY,99.91,95
698942,149,LIMIT,BUY,99.97,14
705329,150,IOC,SELL,99.96,6
713338,151,LIMIT,SELL,99.92,80
716063,152,IOC,SELL,100.01,61
719160,153,CANCEL,,141,
721823,154,LIMIT,BUY,99.93,6
731136,155,LIMIT,SELL,100.04,77
738702,156,LIMIT,BUY,99.87,32
745777,157,LIMIT,SELL,99.97,80
753896,158,LIMIT,SELL,100.00,61
760555,159,LIMIT,BUY,100.00,65
769013,160,CANCEL,,36,
770460,161,LIMIT,SELL,99.93,49
772791,162,LIMIT,SELL,99.91,37
775596,163,LIMIT,BUY,99.84,97
779828,164,IOC,BUY,99.91,33
788156,165,LIMIT,SELL,99.98,41
794355,166,LIMIT,SELL,99.99,22
798785,167,LIMIT,SELL,100.00,72
807428,168,IOC,BUY,99.85,95
813614,169,MARKET,SELL,,47
819134,170,LIMIT,BUY,99.91,38
827689,171,LIMIT,SELL,99.98,94
827818,172,LIMIT,BUY,99.85,66
833883,173,LIMIT,BUY,99.91,7
834025,174,LIMIT,SELL,99.99,75
839059,175,LIMIT,SELL,99.95,2
843149,176,LIMIT,BUY,99.97,35
849834,177,MARKET,BUY,,72
855673,178,LIMIT,SELL,100.00,32
858477,179,CANCEL,,147,
858990,180,LIMIT,BUY,99.91,79
868116,181,LIMIT,BUY,99.83,83
875019,182,LIMIT,BUY,99.91,93
882949,183,CANCEL,,121,
890671,184,LIMIT,BUY,99.93,16
896268,185,IOC,SELL,99.94,35
905441,186,LIMIT,SELL,99.98,83
909096,187,LIMIT,BUY,99.89,96
914551,188,LIMIT,SELL,100.01,61
922386,189,LIMIT,SELL,99.96,74
927528,190,LIMIT,SELL,99.95,19
928167,191,IOC,BUY,99.89,4
928949,192,LIMIT,BUY,99.89,9
938723,193,LIMIT,SELL,99.91,97
945111,194,LIMIT,BUY,99.94,12
949919,195,LIMIT,SELL,99.94,41
955532,196,CANCEL,,75,
960262,197,LIMIT,SELL,99.96,80
960869,198,CANCEL,,145,
962579,199,LIMIT,SELL,99.91,74
967383,200,CANCEL,,61,
972207,201,MARKET,BUY,,63
973874,202,LIMIT,BUY,99.85,66
978243,203,LIMIT,SELL,99.95,64
981059,204,LIMIT,BUY,99.82,14
986510,205,LIMIT,BUY,99.89,55
987022,206,LIMIT,BUY,99.88,49
990948,207,LIMIT,SELL,100.01,83
991603,208,LIMIT,BUY,99.82,95
997000,209,LIMIT,SELL,99.94,43
1004669,210,LIMIT,SELL,100.01,20
1007324,211,LIMIT,SELL,99.95,42
1010525,212,MARKET,SELL,,22
1012290,213,LIMIT,BUY,99.86,56
1016876,214,LIMIT,BUY,99.94,60
1017531,215,LIMIT,SELL,99.95,19
1021845,216,LIMIT,SELL,100.01,90
1031349,217,LIMIT,SELL,100.04,30
1034422,218,LIMIT,BUY,99.92,54
1038493,219,LIMIT,SELL,100.01,62
1046050,220,LIMIT,SELL,99.92,42
1046324,221,LIMIT,SELL,99.93,28
1049059,222,MARKET,BUY,,45
1050815,223,LIMIT,BUY,99.96,82
1056975,224,LIMIT,SELL,99.92,24
1063505,225,IOC,SELL,99.98,33
1068100,226,LIMIT,BUY,99.91,75
1072544,227,LIMIT,BUY,99.93,51
1080215,228,LIMIT,SELL,100.01,61
1089523,229,IOC,BUY,99.90,60
1094445,230,LIMIT,SELL,100.01,35
1100707,231,MARKET,SELL,,62
1100851,232,LIMIT,BUY,99.91,62
1108895,233,LIMIT,SELL,100.02,50
1109929,234,LIMIT,BUY,99.97,27
1111208,235,LIMIT,BUY,99.99,24
1118712,236,LIMIT,SELL,100.01,79
1120293,237,IOC,SELL,100.02,64
1123884,238,LIMIT,BUY,99.89,16
1128317,239,IOC,BUY,99.90,60
1130783,240,LIMIT,BUY,99.97,21
1136137,241,LIMIT,SELL,100.04,55
1143098,242,LIMIT,BUY,99.97,3
1143949,243,IOC,BUY,99.89,62
1151989,244,LIMIT,BUY,99.95,44
1153636,245,LIMIT,BUY,99.94,37
1160866,246,LIMIT,BUY,99.92,64
1167580,247,MARKET,SELL,,45
1171014,248,LIMIT,BUY,99.93,17
1180722,249,LIMIT,SELL,100.07,52
1189757,250,LIMIT,BUY,100.01,78
1190842,251,IOC,SELL,100.08,88
1192301,252,LIMIT,BUY,99.96,85
1195371,253,LIMIT,BUY,99.97,48
1197743,254,LIMIT,BUY,99.91,5
1203060,255,LIMIT,BUY,99.99,74
1209789,256,CANCEL,,111,
1219618,257,IOC,SELL,100.03,71
1221389,258,IOC,SELL,99.98,88
1223482,259,IOC,BUY,100.00,3
1228094,260,LIMIT,SELL,99.97,47
1230566,261,LIMIT,SELL,100.05,86
1234828,262,LIMIT,BUY,100.02,88
1236233,263,LIMIT,SELL,100.05,78
1237312,264,IOC,SELL,100.00,19
1239324,265,LIMIT,SELL,100.04,100
1246841,266,LIMIT,SELL,99.98,80
1256769,267,LIMIT,SELL,100.07,40
1266448,268,IOC,BUY,99.87,99
1270387,269,LIMIT,BUY,99.90,21
1280098,270,LIMIT,SELL,100.00,74
1282606,271,IOC,SELL,100.05,45
1291464,272,LIMIT,SELL,100.03,40
1292507,273,LIMIT,BUY,99.98,50
1300139,274,LIMIT,BUY,100.02,75
1308775,275,IOC,SELL,100.09,26
1311974,276,LIMIT,SELL,100.09,73
1317954,277,LIMIT,BUY,100.02,48
1319792,278,LIMIT,BUY,99.98,45
1324488,279,CANCEL,,10,
1327940,280,IOC,BUY,99.94,100
1332624,281,IOC,SELL,100.02,33
1333344,282,MARKET,BUY,,4
1334279,283,LIMIT,SELL,100.04,77
1340889,284,LIMIT,BUY,99.98,83
1342460,285,LIMIT,BUY,99.99,48
1346412,286,LIMIT,BUY,99.96,8
1355569,287,IOC,BUY,99.94,8
1357324,288,LIMIT,SELL,100.07,76
1367114,289,LIMIT,BUY,99.95,16
1373357,290,LIMIT,BUY,100.07,2
1381123,291,LIMIT,BUY,99.98,10
1387335,292,LIMIT,BUY,100.05,3
1388666,293,LIMIT,SELL,100.08,19
1394205,294,LIMIT,SELL,100.05,57
1396752,295,LIMIT,BUY,99.97,43
1399601,296,LIMIT,BUY,99.99,66
1400632,297,LIMIT,SELL,100.07,16
1404955,298,MARKET,BUY,,34
1408965,299,LIMIT,BUY,100.01,93
1413874,300,LIMIT,BUY,99.93,18
1421232,301,LIMIT,BUY,99.98,74
1424292,302,LIMIT,SELL,100.07,77
1425690,303,IOC,SELL,100.06,27
1428035,304,LIMIT,SELL,100.07,2
1429211,305,LIMIT,SELL,100.12,45
1434803,306,LIMIT,SELL,100.00,98
1442711,307,LIMIT,BUY,99.97,5
1445489,308,LIMIT,SELL,100.11,67
1446757,309,LIMIT,SELL,100.09,100
1453105,310,IOC,BUY,100.08,64
1460519,311,LIMIT,SELL,100.03,29
1463607,312,LIMIT,SELL,100.04,13
1466903,313,IOC,SELL,100.07,90
1474280,314,IOC,SELL,100.03,60
1482467,315,LIMIT,BUY,100.04,70
1492263,316,LIMIT,SELL,100.10,22
1492666,317,LIMIT,BUY,99.94,5
1499248,318,LIMIT,BUY,99.97,92
1506484,319,LIMIT,SELL,100.10,72
1507461,320,LIMIT,SELL,100.10,85
1507750,321,LIMIT,BUY,99.94,86
1508191,322,LIMIT,BUY,99.95,82
1509057,323,IOC,SELL,99.98,80
1513511,324,LIMIT,SELL,100.04,80
1515257,325,LIMIT,BUY,99.98,15
1520360,326,LIMIT,BUY,99.94,35
1521844,327,LIMIT,BUY,100.04,38
1528604,328,LIMIT,SELL,100.08,59
1538045,329,LIMIT,SELL,100.12,39
1545974,330,LIMIT,BUY,100.07,70
1552351,331,LIMIT,SELL,100.02,42
1561571,332,LIMIT,SELL,100.03,99
1562027,333,LIMIT,SELL,100.04,67
1568482,334,LIMIT,SELL,100.06,54
1574103,335,LIMIT,BUY,99.98,67
1575760,336,LIMIT,SELL,100.06,53
1577553,337,LIMIT,SELL,99.99,80
1579472,338,LIMIT,BUY,99.96,46
1585972,339,LIMIT,SELL,99.96,64
1592308,340,LIMIT,BUY,100.05,49
1601936,341,IOC,BUY,99.91,32
1607374,342,LIMIT,SELL,100.01,33
1616729,343,LIMIT,SELL,100.11,56
1625306,344,LIMIT,BUY,100.00,77
1631158,345,CANCEL,,41,
1639863,346,LIMIT,SELL,100.11,20
1643046,347,LIMIT,BUY,99.91,44
1651831,348,LIMIT,BUY,99.99,40
1660329,349,LIMIT,BUY,99.92,54
1662991,350,IOC,BUY,99.94,24
1664076,351,LIMIT,BUY,100.00,89
1670916,352,LIMIT,SELL,100.06,13
1680620,353,LIMIT,SELL,100.07,66
1683074,354,LIMIT,BUY,100.02,14
1683649,355,LIMIT,SELL,100.08,56
1684766,356,LIMIT,SELL,99.97,46
1689378,357,LIMIT,BUY,99.88,9
1695194,358,LIMIT,BUY,100.01,75
1696013,359,LIMIT,BUY,100.02,23
1701270,360,LIMIT,BUY,99.98,32
1707756,361,LIMIT,BUY,99.92,3
1711843,362,LIMIT,BUY,99.91,72
1717889,363,LIMIT,BUY,99.96,16
1724907,364,LIMIT,BUY,100.00,45
1728892,365,LIMIT,BUY,99.94,91
1731119,366,IOC,BUY,99.97,21
1737246,367,LIMIT,BUY,99.97,39
1745144,368,LIMIT,BUY,100.06,34
1755008,369,LIMIT,BUY,100.05,66
1758590,370,LIMIT,SELL,99.99,95
1764994,371,CANCEL,,52,
1767994,372,LIMIT,BUY,99.97,72
1774016,373,LIMIT,BUY,99.97,29
1778843,374,LIMIT,BUY,99.91,100
1781108,375,LIMIT,BUY,99.93,53
1781621,376,LIMIT,BUY,99.93,81
1783321,377,LIMIT,SELL,100.00,52
1784076,378,LIMIT,SELL,99.94,6
1793225,379,LIMIT,BUY,99.89,64
1801857,380,LIMIT,SELL,100.00,15
1806648,381,IOC,SELL,100.03,88
1808569,382,LIMIT,BUY,99.93,89
1815118,383,LIMIT,BUY,99.94,55
1822468,384,LIMIT,SELL,100.08,66
1823457,385,LIMIT,SELL,100.03,63
1826658,386,LIMIT,SELL,100.10,34
1830848,387,LIMIT,BUY,100.06,40
1833195,388,LIMIT,SELL,100.00,1
1841739,389,LIMIT,SELL,100.04,91
1844163,390,LIMIT,SELL,99.98,98
1847035,391,LIMIT,SELL,100.08,27
1849010,392,CANCEL,,277,
1852492,393,LIMIT,SELL,100.05,21
1857908,394,LIMIT,BUY,100.02,2
1865684,395,LIMIT,BUY,99.93,34
1867566,396,MARKET,BUY,,70
1872938,397,LIMIT,SELL,100.05,84
1877068,398,LIMIT,SELL,100.02,82
1885776,399,IOC,BUY,99.94,96
1891228,400,LIMIT,BUY,100.00,71
1897378,401,LIMIT,BUY,100.04,91
1904084,402,IOC,BUY,99.96,39
1914057,403,LIMIT,SELL,99.96,82
1920733,404,LIMIT,BUY,99.96,79
1929209,405,LIMIT,SELL,100.04,44
1930336,406,LIMIT,SELL,100.00,49
1935281,407,LIMIT,BUY,99.92,55
1944141,408,IOC,SELL,100.10,11
1945224,409,LIMIT,SELL,100.07,48
1953200,410,LIMIT,SELL,100.01,25
1956945,411,LIMIT,BUY,99.94,72
1966560,412,LIMIT,BUY,99.95,15
1970383,413,IOC,SELL,99.98,84
1972038,414,LIMIT,SELL,99.97,29
1981005,415,LIMIT,SELL,100.02,53
1982308,416,LIMIT,SELL,100.02,81
1990848,417,IOC,BUY,100.01,73
1998732,418,LIMIT,SELL,99.99,7
2004932,419,LIMIT,SELL,100.00,80
2008335,420,IOC,SELL,99.93,44
2008625,421,LIMIT,BUY,99.92,93
2016736,422,LIMIT,BUY,99.98,87
2020808,423,LIMIT,BUY,99.89,57
2022768,424,LIMIT,BUY,99.96,71
2027619,425,LIMIT,SELL,100.04,69
2032121,426,CANCEL,,202,
2034693,427,LIMIT,BUY,99.97,24
2044622,428,LIMIT,BUY,99.92,30
2053192,429,LIMIT,SELL,100.03,28
2056072,430,LIMIT,BUY,99.96,41
2056270,431,LIMIT,BUY,100.06,6
2058759,432,LIMIT,BUY,100.04,46
2068180,433,LIMIT,BUY,99.93,99
2069840,434,LIMIT,SELL,100.08,37
2073840,435,IOC,SELL,100.08,95
2079881,436,LIMIT,BUY,99.95,43
2080971,437,LIMIT,SELL,100.11,48
2085059,438,MARKET,BUY,,27
2085277,439,LIMIT,BUY,99.97,22
2094991,440,LIMIT,SELL,100.11,10
2098207,441,LIMIT,BUY,99.97,46
2105323,442,IOC,SELL,100.08,36
2109642,443,LIMIT,SELL,100.05,28
2110523,444,LIMIT,SELL,100.07,26
2114583,445,MARKET,SELL,,11
2115886,446,IOC,BUY,100.06,35
2124783,447,CANCEL,,189,
2125334,448,LIMIT,SELL,100.12,79
2130968,449,IOC,SELL,100.01,43
2139167,450,LIMIT,SELL,100.06,41
2148509,451,LIMIT,BUY,99.99,21
2150140,452,LIMIT,SELL,100.10,55
2155877,453,LIMIT,SELL,100.14,74
2161397,454,LIMIT,SELL,100.05,100
2166563,455,LIMIT,SELL,100.10,67
2175340,456,LIMIT,BUY,99.98,20
2179178,457,MARKET,SELL,,80
2181475,458,LIMIT,BUY,99.99,78
2187565,459,IOC,SELL,100.07,68
2188140,460,LIMIT,BUY,100.00,82
2193879,461,LIMIT,BUY,100.03,14
2194231,462,IOC,BUY,100.00,49
2198002,463,LIMIT,BUY,99.99,98
2205075,464,LIMIT,SELL,100.01,21
2212996,465,IOC,BUY,100.00,37
2214544,466,LIMIT,SELL,100.00,79
2224434,467,LIMIT,BUY,99.99,6
2231727,468,IOC,SELL,100.06,15
2234316,469,CANCEL,,176,
2236886,470,LIMIT,SELL,100.12,12
2243772,471,IOC,SELL,100.06,75
2247715,472,LIMIT,BUY,100.09,30
2257233,473,LIMIT,BUY,99.99,9
2259140,474,LIMIT,BUY,100.02,29
2268094,475,LIMIT,SELL,100.03,64
2269460,476,LIMIT,SELL,100.07,35
2272463,477,MARKET,BUY,,7
2279249,478,MARKET,BUY,,42
2280027,479,LIMIT,SELL,100.11,52
2287040,480,LIMIT,SELL,100.13,53
2289483,481,LIMIT,BUY,100.01,89
2295759,482,IOC,SELL,100.02,5
2296670,483,LIMIT,SELL,100.12,59
2306235,484,LIMIT,SELL,100.16,46
2307385,485,LIMIT,SELL,100.15,10
2316382,486,IOC,SELL,100.17,93
2322179,487,LIMIT,BUY,100.13,47
2330863,488,LIMIT,BUY,100.06,85
2338504,489,IOC,SELL,100.10,42
2344850,490,IOC,BUY,100.04,49
2346634,491,LIMIT,SELL,100.11,36
2353214,492,LIMIT,BUY,100.06,98
2361790,493,LIMIT,BUY,100.05,80
2367964,494,IOC,BUY,100.08,74
2372318,495,LIMIT,BUY,100.03,34
2379595,496,LIMIT,BUY,99.98,100
2385783,497,LIMIT,BUY,100.10,53
2392943,498,IOC,BUY,99.98,17
2396182,499,IOC,SELL,100.07,43
2397441,500,LIMIT,BUY,100.09,14
2407253,501,IOC,SELL,100.18,23
2408419,502,LIMIT,SELL,100.14,95
2411799,503,CANCEL,,383,
2416715,504,LIMIT,SELL,100.09,10
2426170,505,LIMIT,BUY,100.00,59
2427171,506,LIMIT,BUY,100.01,89
2434118,507,LIMIT,BUY,100.15,19
2439468,508,LIMIT,BUY,100.05,67
2443866,509,LIMIT,BUY,100.05,88
2444804,510,LIMIT,BUY,100.03,33
2449900,511,LIMIT,SELL,100.20,85
2458011,512,LIMIT,SELL,100.20,91
2467222,513,LIMIT,BUY,100.16,42
2467900,514,LIMIT,BUY,100.02,79
2475448,515,LIMIT,BUY,100.13,56
2477587,516,LIMIT,BUY,100.06,64
2481304,517,LIMIT,BUY,100.10,19
2484793,518,LIMIT,BUY,100.09,54
2488559,519,LIMIT,SELL,100.12,8
2490844,520,LIMIT,SELL,100.20,93
2493466,521,LIMIT,SELL,100.06,30
2499980,522,LIMIT,BUY,100.02,89
2501613,523,LIMIT,BUY,100.04,15
2502348,524,LIMIT,SELL,100.20,68
2503642,525,LIMIT,SELL,100.13,26
2511684,526,LIMIT,SELL,100.15,18
2519491,527,IOC,SELL,100.09,5
2529095,528,MARKET,BUY,,20
2534110,529,LIMIT,BUY,100.10,15
2539096,530,LIMIT,BUY,100.11,21
2548954,531,CANCEL,,24,
2557464,532,LIMIT,SELL,100.19,10
2563703,533,LIMIT,BUY,100.11,43
2563884,534,IOC,BUY,100.13,14
2567895,535,LIMIT,SELL,100.10,32
2570682,536,CANCEL,,152,
2576793,537,LIMIT,SELL,100.17,94
2585655,538,IOC,BUY,100.05,90
2595100,539,LIMIT,BUY,100.15,4
2602146,540,LIMIT,BUY,100.11,85
2611724,541,LIMIT,SELL,100.14,32
2613020,542,MARKET,BUY,,80
2615982,543,LIMIT,SELL,100.16,2
2621283,544,LIMIT,BUY,100.14,19
2629761,545,LIMIT,BUY,100.14,29
2635285,546,LIMIT,BUY,100.12,64
2643995,547,IOC,SELL,100.17,81
2644919,548,LIMIT,BUY,100.07,75
2647676,549,LIMIT,SELL,100.18,89
2652739,550,LIMIT,SELL,100.23,22
2659971,551,LIMIT,SELL,100.23,69
2661968,552,LIMIT,SELL,100.22,74
2662890,553,LIMIT,SELL,100.20,49
2669645,554,LIMIT,SELL,100.24,55
2674738,555,CANCEL,,71,
2682626,556,LIMIT,BUY,100.13,11
2688521,557,LIMIT,BUY,100.12,24
2695863,558,LIMIT,BUY,100.22,6
2702117,559,LIMIT,BUY,100.11,22
2705890,560,IOC,SELL,100.22,64
2711208,561,LIMIT,SELL,100.16,51
2719945,562,IOC,BUY,100.11,95
2725817,563,MARKET,SELL,,97
2734336,564,LIMIT,SELL,100.23,10
2742861,565,LIMIT,SELL,100.23,67
2743938,566,LIMIT,BUY,100.15,88
2745988,567,LIMIT,SELL,100.26,96
2753606,568,LIMIT,SELL,100.21,25
2763332,569,LIMIT,SELL,100.14,83
2768033,570,LIMIT,SELL,100.14,53
2769514,571,LIMIT,BUY,100.12,89
2774160,572,IOC,BUY,100.22,45
2776551,573,IOC,BUY,100.09,22
2781762,574,LIMIT,SELL,100.24,89
2784928,575,IOC,BUY,100.10,52
2786804,576,LIMIT,BUY,100.10,35
2788746,577,IOC,BUY,100.15,100
2794002,578,LIMIT,SELL,100.23,36
2800518,579,IOC,SELL,100.23,34
2807985,580,CANCEL,,349,
2813879,581,LIMIT,SELL,100.30,13
2823854,582,LIMIT,SELL,100.19,22
2826844,583,LIMIT,SELL,100.28,96
2832543,584,LIMIT,BUY,100.18,69
2841182,585,IOC,BUY,100.26,9
2848051,586,LIMIT,SELL,100.28,94
2852637,587,LIMIT,SELL,100.17,86
2856648,588,IOC,SELL,100.25,37
2858898,589,IOC,BUY,100.16,99
2868883,590,LIMIT,SELL,100.23,13
2874877,591,MARKET,SELL,,47
2875359,592,LIMIT,SELL,100.19,59
2877732,593,LIMIT,SELL,100.28,5
2878480,594,LIMIT,BUY,100.12,43
2887274,595,LIMIT,SELL,100.14,69
2887873,596,LIMIT,SELL,100.24,9
2892457,597,LIMIT,BUY,100.08,53
2896264,598,IOC,BUY,100.09,43
2900488,599,LIMIT,BUY,100.11,59
2903713,600,LIMIT,BUY,100.17,10
2912270,601,LIMIT,SELL,100.13,38
2912745,602,LIMIT,SELL,100.17,54
2913058,603,LIMIT,SELL,100.27,46
2915839,604,LIMIT,BUY,100.23,23
2921759,605,CANCEL,,510,
2923532,606,IOC,BUY,100.10,11
2929163,607,LIMIT,SELL,100.18,68
2938494,608,LIMIT,BUY,100.14,91
2943153,609,MARKET,BUY,,94
2949546,610,IOC,BUY,100.18,28
2959236,611,CANCEL,,105,
2966933,612,LIMIT,SELL,100.24,44
2976201,613,LIMIT,SELL,100.17,27
2982110,614,LIMIT,SELL,100.17,57
2989687,615,IOC,SELL,100.20,73
2990667,616,LIMIT,SELL,100.22,92
2998460,617,LIMIT,BUY,100.08,49
2999587,618,LIMIT,SELL,100.14,96
3003359,619,LIMIT,BUY,100.19,1
3004082,620,LIMIT,SELL,100.19,72
3013652,621,LIMIT,BUY,100.18,98
3015334,622,IOC,BUY,100.16,66
3021686,623,CANCEL,,35,
3030893,624,LIMIT,SELL,100.27,10
3031881,625,LIMIT,BUY,100.09,96
3035397,626,LIMIT,SELL,100.16,15
3036911,627,LIMIT,BUY,100.17,12
3043033,628,LIMIT,BUY,100.09,43
3046279,629,LIMIT,SELL,100.27,50
3053843,630,IOC,SELL,100.13,97
3055250,631,IOC,SELL,100.13,18
3062407,632,LIMIT,SELL,100.23,91
3064704,633,LIMIT,BUY,100.16,21
3072060,634,IOC,SELL,100.28,97
3077500,635,LIMIT,BUY,100.19,70
3083445,636,LIMIT,SELL,100.24,11
3092261,637,CANCEL,,361,
3099324,638,LIMIT,SELL,100.21,28
3108122,639,IOC,SELL,100.18,83
3111701,640,LIMIT,SELL,100.23,92
3113739,641,LIMIT,BUY,100.11,97
3120243,642,LIMIT,BUY,100.12,83
3124594,643,LIMIT,SELL,100.16,77
3125806,644,LIMIT,BUY,100.16,10
3131828,645,LIMIT,SELL,100.18,99
3139301,646,LIMIT,BUY,100.10,57
3140954,647,LIMIT,BUY,100.16,29
3142800,648,IOC,SELL,100.14,25
3144090,649,LIMIT,SELL,100.18,24
3144938,650,LIMIT,SELL,100.15,73
3154600,651,LIMIT,BUY,100.10,46
3160657,652,LIMIT,BUY,100.07,47
3163480,653,LIMIT,BUY,100.08,98
3169818,654,CANCEL,,233,
3173506,655,IOC,BUY,100.08,1
3174434,656,LIMIT,BUY,100.13,15
3182069,657,LIMIT,BUY,100.12,30
3189145,658,LIMIT,BUY,100.07,31
3194791,659,LIMIT,BUY,100.05,79
3201054,660,IOC,SELL,100.14,66
3206335,661,LIMIT,BUY,100.07,94
3208593,662,LIMIT,BUY,100.12,9
3210654,663,LIMIT,BUY,100.09,4
3218459,664,CANCEL,,276,
3226734,665,LIMIT,BUY,100.12,95
3227518,666,LIMIT,SELL,100.17,3
3237414,667,LIMIT,BUY,100.13,57
3239815,668,LIMIT,BUY,100.18,52
3240325,669,CANCEL,,548,
3244244,670,IOC,SELL,100.25,80
3247889,671,LIMIT,BUY,100.16,29
3253261,672,LIMIT,SELL,100.22,31
3253363,673,IOC,SELL,100.28,92
3259796,674,LIMIT,BUY,100.16,18
3268451,675,LIMIT,SELL,100.16,22
3269865,676,LIMIT,BUY,100.15,20
3274371,677,LIMIT,BUY,100.17,3
3279216,678,LIMIT,SELL,100.27,75
3281226,679,LIMIT,SELL,100.24,67
3290473,680,LIMIT,SELL,100.21,89
3294761,681,LIMIT,SELL,100.20,90
3295796,682,LIMIT,SELL,100.19,57
3303684,683,LIMIT,SELL,100.26,42
3307599,684,LIMIT,SELL,100.25,18
3311508,685,LIMIT,BUY,100.12,17
3315254,686,IOC,BUY,100.11,79
3322248,687,LIMIT,BUY,100.09,46
3328002,688,LIMIT,BUY,100.17,87
3330738,689,LIMIT,SELL,100.27,83
3334180,690,LIMIT,SELL,100.16,84
3338470,691,LIMIT,BUY,100.08,6
3341819,692,LIMIT,BUY,100.17,9
3341996,693,LIMIT,BUY,100.19,34
3345968,694,IOC,SELL,100.15,10
3354625,695,LIMIT,SELL,100.23,8
3356100,696,LIMIT,BUY,100.19,17
3361584,697,LIMIT,BUY,100.08,7
3364205,698,LIMIT,BUY,100.19,10
3372045,699,LIMIT,BUY,100.12,80
3373673,700,LIMIT,BUY,100.20,28
3375540,701,LIMIT,SELL,100.25,69
3381076,702,CANCEL,,29,
3384796,703,LIMIT,SELL,100.20,24
3388248,704,MARKET,SELL,,17
3390925,705,IOC,SELL,100.23,51
3396193,706,LIMIT,SELL,100.23,7
3401618,707,LIMIT,SELL,100.26,4
3404957,708,LIMIT,SELL,100.26,68
3410148,709,LIMIT,BUY,100.10,9
3414386,710,LIMIT,BUY,100.11,99
3420575,711,LIMIT,SELL,100.19,14
3428141,712,CANCEL,,630,
3430353,713,LIMIT,SELL,100.23,56
3438969,714,LIMIT,SELL,100.18,99
3441281,715,LIMIT,BUY,100.10,53
3444151,716,LIMIT,SELL,100.26,16
3448229,717,LIMIT,BUY,100.13,61
3452039,718,LIMIT,BUY,100.16,94
3454262,719,IOC,BUY,100.11,44
3458423,720,LIMIT,SELL,100.26,94
3464119,721,LIMIT,BUY,100.24,74
3469851,722,CANCEL,,49,
3475309,723,LIMIT,SELL,100.31,48
3481190,724,LIMIT,SELL,100.21,53
3490579,725,LIMIT,SELL,100.29,97
3493145,726,LIMIT,SELL,100.31,18
3497173,727,LIMIT,SELL,100.29,41
3499551,728,MARKET,SELL,,70
3500437,729,IOC,SELL,100.34,60
3504045,730,LIMIT,BUY,100.26,4
3507865,731,LIMIT,BUY,100.29,82
3514548,732,LIMIT,BUY,100.16,61
3519866,733,LIMIT,BUY,100.16,14
3529794,734,IOC,SELL,100.33,2
3533614,735,LIMIT,BUY,100.24,84
3543026,736,LIMIT,BUY,100.31,38
3551566,737,LIMIT,BUY,100.26,29
3557674,738,MARKET,BUY,,49
3559035,739,LIMIT,BUY,100.24,63
3568094,740,CANCEL,,175,
3574387,741,LIMIT,SELL,100.22,71
3576335,742,LIMIT,SELL,100.27,65
3579959,743,IOC,SELL,100.22,57
3580557,744,LIMIT,BUY,100.20,28
3589065,745,LIMIT,SELL,100.30,96
3593048,746,LIMIT,SELL,100.26,26
3602741,747,LIMIT,BUY,100.23,35
3609794,748,LIMIT,SELL,100.29,9
3619057,749,LIMIT,BUY,100.18,44
3625845,750,LIMIT,BUY,100.30,46
3633088,751,LIMIT,BUY,100.28,76
3638361,752,LIMIT,BUY,100.17,63
3646211,753,LIMIT,BUY,100.24,65
3649083,754,LIMIT,BUY,100.27,46
3656148,755,LIMIT,SELL,100.35,74
3665224,756,LIMIT,SELL,100.36,80
3670210,757,LIMIT,SELL,100.24,19
3676304,758,LIMIT,BUY,100.25,44
3678966,759,LIMIT,BUY,100.29,79
3684361,760,LIMIT,BUY,100.28,45
3693455,761,IOC,SELL,100.35,33
3699897,762,LIMIT,SELL,100.26,9
3705942,763,LIMIT,BUY,100.24,64
3708667,764,LIMIT,BUY,100.34,18
3711173,765,LIMIT,BUY,100.34,14
3713630,766,IOC,BUY,100.22,25
3714383,767,IOC,BUY,100.34,97
3717423,768,MARKET,BUY,,8
3720151,769,CANCEL,,714,
3723011,770,LIMIT,BUY,100.25,47
3725091,771,LIMIT,BUY,100.25,62
3725591,772,LIMIT,BUY,100.30,45
3726656,773,LIMIT,SELL,100.38,74
3726982,774,IOC,SELL,100.36,66
3729498,775,IOC,SELL,100.28,89
3735878,776,LIMIT,SELL,100.38,1
3741908,777,LIMIT,SELL,100.36,43
3749865,778,IOC,SELL,100.36,25
3754371,779,LIMIT,SELL,100.30,75
3759817,780,LIMIT,BUY,100.26,74
3768863,781,LIMIT,SELL,100.29,20
3775976,782,LIMIT,SELL,100.36,91
3776147,783,LIMIT,SELL,100.35,57
3780451,784,LIMIT,BUY,100.26,28
3781616,785,LIMIT,BUY,100.22,68
3788707,786,LIMIT,SELL,100.37,52
3796552,787,CANCEL,,180,
3801488,788,LIMIT,BUY,100.33,5
3808875,789,LIMIT,SELL,100.30,28
3816586,790,IOC,BUY,100.19,24
3818924,791,LIMIT,SELL,100.34,44
3821714,792,IOC,BUY,100.24,34
3822812,793,IOC,SELL,100.31,81
3829189,794,IOC,BUY,100.32,41
3830279,795,LIMIT,BUY,100.25,34
3833008,796,LIMIT,BUY,100.26,61
3840801,797,LIMIT,BUY,100.19,43
3843557,798,LIMIT,BUY,100.30,64
3853197,799,LIMIT,SELL,100.29,41
3856648,800,MARKET,BUY,,48
3865972,801,IOC,SELL,100.33,70
3868937,802,LIMIT,BUY,100.25,91
3878647,803,LIMIT,BUY,100.26,97
3882634,804,LIMIT,SELL,100.38,92
3882763,805,MARKET,BUY,,36
3887991,806,LIMIT,SELL,100.38,69
3891052,807,IOC,BUY,100.27,35
3900744,808,LIMIT,BUY,100.20,90
3901284,809,IOC,SELL,100.35,47
3901745,810,MARKET,SELL,,80
3910550,811,LIMIT,SELL,100.34,48
3914829,812,LIMIT,BUY,100.28,21
3919996,813,LIMIT,SELL,100.37,97
3920343,814,LIMIT,BUY,100.27,31
3926298,815,LIMIT,BUY,100.22,61
3927079,816,LIMIT,SELL,100.37,31
3927795,817,LIMIT,BUY,100.30,97
3929350,818,LIMIT,SELL,100.25,32
3931984,819,LIMIT,SELL,100.24,55
3934803,820,LIMIT,SELL,100.31,81
3935859,821,CANCEL,,66,
3937637,822,LIMIT,BUY,100.24,86
3941169,823,LIMIT,BUY,100.27,90
3944918,824,LIMIT,BUY,100.23,47
3950506,825,LIMIT,BUY,100.31,89
3957662,826,LIMIT,BUY,100.25,49
3965991,827,LIMIT,BUY,100.17,58
3970874,828,LIMIT,BUY,100.33,4
3974002,829,MARKET,BUY,,92
3975329,830,LIMIT,BUY,100.23,45
3978223,831,LIMIT,SELL,100.36,57
3981266,832,LIMIT,SELL,100.28,85
3985636,833,LIMIT,BUY,100.24,20
3986429,834,LIMIT,BUY,100.16,76
3993770,835,LIMIT,SELL,100.29,40
4002369,836,LIMIT,BUY,100.16,76
4006115,837,LIMIT,BUY,100.28,86
4016009,838,LIMIT,BUY,100.17,100
4022252,839,LIMIT,SELL,100.32,70
4027109,840,IOC,BUY,100.19,94
4030697,841,IOC,SELL,100.27,97
4036701,842,LIMIT,BUY,100.20,82
4042804,843,LIMIT,BUY,100.24,56
4051501,844,IOC,BUY,100.19,44
4059338,845,LIMIT,SELL,100.31,26
4063859,846,CANCEL,,164,
4069511,847,IOC,BUY,100.19,20
4072615,848,LIMIT,BUY,100.21,43
4073316,849,IOC,BUY,100.27,66
4075371,850,LIMIT,SELL,100.30,3
4081892,851,LIMIT,BUY,100.19,43
4084068,852,LIMIT,BUY,100.30,74
4087964,853,LIMIT,SELL,100.29,61
4097664,854,IOC,BUY,100.16,83
4107626,855,LIMIT,BUY,100.20,2
4111465,856,MARKET,BUY,,55
4115555,857,LIMIT,SELL,100.35,39
4120065,858,LIMIT,BUY,100.31,49
4127733,859,LIMIT,SELL,100.35,50
4130451,860,LIMIT,BUY,100.18,12
4135640,861,LIMIT,BUY,100.26,24
4141784,862,LIMIT,SELL,100.35,92
4144656,863,LIMIT,BUY,100.20,27
4148368,864,LIMIT,BUY,100.19,36
4153120,865,LIMIT,SELL,100.35,85
4161936,866,LIMIT,SELL,100.28,54
4162407,867,LIMIT,BUY,100.34,26
4171215,868,LIMIT,BUY,100.21,22
4177458,869,LIMIT,BUY,100.23,88
4184135,870,LIMIT,BUY,100.30,9
4187093,871,LIMIT,SELL,100.25,99
4190005,872,IOC,BUY,100.21,94
4191928,873,LIMIT,SELL,100.39,100
4201391,874,LIMIT,SELL,100.32,97
4207455,875,LIMIT,BUY,100.29,11
4208098,876,LIMIT,SELL,100.29,23
4216729,877,LIMIT,SELL,100.31,24
4220155,878,LIMIT,SELL,100.25,9
4221437,879,LIMIT,BUY,100.24,27
4228749,880,MARKET,SELL,,1
4229814,881,LIMIT,BUY,100.17,62
4239755,882,LIMIT,SELL,100.34,26
4243466,883,LIMIT,SELL,100.21,40
4250055,884,LIMIT,SELL,100.31,65
4258096,885,LIMIT,BUY,100.20,21
4266791,886,LIMIT,BUY,100.23,26
4270966,887,IOC,BUY,100.25,62
4275684,888,LIMIT,BUY,100.26,39
4279944,889,LIMIT,SELL,100.30,90
4282828,890,IOC,SELL,100.35,56
4290084,891,LIMIT,BUY,100.24,41
4293807,892,LIMIT,BUY,100.32,74
4297019,893,LIMIT,BUY,100.19,13
4297392,894,IOC,BUY,100.17,14
4306305,895,IOC,SELL,100.37,30
4315790,896,LIMIT,BUY,100.24,89
4320920,897,LIMIT,SELL,100.23,7
4324254,898,LIMIT,BUY,100.30,24
4328456,899,LIMIT,SELL,100.30,97
4332217,900,LIMIT,SELL,100.36,100
4332695,901,LIMIT,BUY,100.21,84
4341535,902,LIMIT,BUY,100.19,96
4348855,903,LIMIT,SELL,100.33,23
4355612,904,IOC,BUY,100.29,60
4365129,905,MARKET,SELL,,16
4366537,906,IOC,BUY,100.30,81
4374636,907,IOC,BUY,100.30,56
4378087,908,LIMIT,BUY,100.21,57
4383511,909,LIMIT,BUY,100.28,37
4384316,910,LIMIT,SELL,100.30,12
4385532,911,LIMIT,SELL,100.31,79
4392102,912,LIMIT,SELL,100.25,39
4400182,913,LIMIT,BUY,100.29,42
4408150,914,IOC,BUY,100.23,15
4417855,915,IOC,BUY,100.20,36
4423876,916,LIMIT,BUY,100.26,16
4433164,917,LIMIT,SELL,100.39,57
4434297,918,IOC,BUY,100.28,49
4440362,919,LIMIT,BUY,100.30,82
4441797,920,LIMIT,SELL,100.27,54
4449123,921,LIMIT,SELL,100.24,13
4458121,922,LIMIT,SELL,100.31,55
4459269,923,LIMIT,SELL,100.37,38
4462427,924,CANCEL,,524,
4472122,925,LIMIT,SELL,100.31,67
4480344,926,LIMIT,BUY,100.24,93
4485491,927,LIMIT,SELL,100.39,31
4492705,928,LIMIT,SELL,100.33,18
4501777,929,IOC,SELL,100.24,23
4507781,930,LIMIT,BUY,100.27,39
4509592,931,LIMIT,SELL,100.33,51
4516098,932,LIMIT,SELL,100.34,52
4525529,933,LIMIT,BUY,100.33,100
4531160,934,LIMIT,SELL,100.24,10
4540409,935,IOC,SELL,100.37,61
4545955,936,LIMIT,SELL,100.38,86
4548951,937,LIMIT,SELL,100.27,14
4557646,938,LIMIT,BUY,100.23,37
4562704,939,IOC,SELL,100.24,2
4570022,940,LIMIT,BUY,100.23,52
4574266,941,LIMIT,BUY,100.18,12
4578399,942,LIMIT,BUY,100.26,16
4588179,943,LIMIT,BUY,100.22,35
4593943,944,LIMIT,SELL,100.36,77
4601148,945,IOC,SELL,100.39,48
4609552,946,LIMIT,SELL,100.35,85
4614142,947,LIMIT,BUY,100.20,41
4616040,948,LIMIT,BUY,100.27,27
4618363,949,LIMIT,BUY,100.22,62
4619225,950,LIMIT,SELL,100.30,9
4626739,951,LIMIT,SELL,100.36,100
4627659,952,LIMIT,BUY,100.26,8
4636038,953,LIMIT,BUY,100.30,4
4637674,954,IOC,SELL,100.38,48
4639390,955,LIMIT,BUY,100.25,53
4640562,956,LIMIT,BUY,100.35,14
4648821,957,IOC,SELL,100.26,61
4653904,958,LIMIT,SELL,100.30,32
4659760,959,LIMIT,BUY,100.23,7
4665296,960,LIMIT,SELL,100.43,85
4665873,961,IOC,SELL,100.36,80
4673804,962,IOC,BUY,100.32,19
4679153,963,LIMIT,SELL,100.28,22
4683554,964,LIMIT,BUY,100.24,78
4688986,965,LIMIT,SELL,100.35,32
4696284,966,LIMIT,BUY,100.30,72
4701117,967,CANCEL,,323,
4709295,968,IOC,BUY,100.30,42
4714793,969,IOC,SELL,100.33,59
4723204,970,LIMIT,SELL,100.32,40
4727057,971,LIMIT,SELL,100.36,99
4734333,972,IOC,SELL,100.36,24
4739569,973,LIMIT,BUY,100.25,36
4743791,974,LIMIT,SELL,100.36,32
4744224,975,LIMIT,SELL,100.38,42
4745932,976,IOC,SELL,100.42,21
4753285,977,LIMIT,SELL,100.33,97
4753494,978,LIMIT,BUY,100.37,81
4760960,979,LIMIT,BUY,100.27,92
4766742,980,LIMIT,SELL,100.31,9
4771641,981,LIMIT,BUY,100.26,37
4774814,982,LIMIT,BUY,100.32,16
4782281,983,LIMIT,BUY,100.40,90
4784945,984,LIMIT,BUY,100.30,49
4787068,985,LIMIT,BUY,100.33,40
4793888,986,LIMIT,BUY,100.26,62
4796264,987,LIMIT,SELL,100.31,4
4800863,988,IOC,BUY,100.32,55
4801293,989,LIMIT,BUY,100.34,12
4805018,990,LIMIT,BUY,100.28,82
4812217,991,LIMIT,BUY,100.26,96
4819644,992,IOC,SELL,100.39,31
4829426,993,MARKET,BUY,,50
4834693,994,LIMIT,BUY,100.27,27
4835672,995,LIMIT,BUY,100.37,31
4843937,996,LIMIT,SELL,100.37,94
4845121,997,LIMIT,BUY,100.40,96
4850167,998,LIMIT,BUY,100.34,6
4851558,999,CANCEL,,834,
4858261,1000,LIMIT,BUY,100.37,60
4861333,1001,LIMIT,SELL,100.39,77
4867867,1002,LIMIT,BUY,100.31,69
4871836,1003,LIMIT,BUY,100.38,2
4872091,1004,IOC,SELL,100.41,64
4875997,1005,LIMIT,BUY,100.27,98
4883923,1006,IOC,SELL,100.37,74
4884510,1007,LIMIT,SELL,100.44,27
4891741,1008,LIMIT,SELL,100.37,61
4895414,1009,LIMIT,SELL,100.39,82
4902775,1010,LIMIT,SELL,100.44,77
4905886,1011,LIMIT,BUY,100.34,38
4911695,1012,LIMIT,BUY,100.31,15
4917913,1013,LIMIT,BUY,100.27,53
4922437,1014,LIMIT,SELL,100.45,44
4926713,1015,MARKET,SELL,,29
4932221,1016,LIMIT,SELL,100.42,4
4937382,1017,LIMIT,SELL,100.34,15
4943498,1018,LIMIT,BUY,100.39,64
4948595,1019,LIMIT,SELL,100.33,80
4952990,1020,LIMIT,BUY,100.38,78
4954705,1021,LIMIT,BUY,100.40,31
4956947,1022,IOC,BUY,100.35,25
4960825,1023,MARKET,BUY,,92
4966555,1024,LIMIT,BUY,100.35,81
4968233,1025,LIMIT,BUY,100.28,98
4973811,1026,IOC,BUY,100.32,3
4981962,1027,LIMIT,SELL,100.40,89
4989605,1028,LIMIT,SELL,100.37,14
4992825,1029,LIMIT,BUY,100.31,14
5001785,1030,LIMIT,SELL,100.49,4
5004957,1031,LIMIT,SELL,100.47,25
5006097,1032,LIMIT,SELL,100.50,17
5006455,1033,LIMIT,SELL,100.45,36
5007033,1034,LIMIT,SELL,100.48,27
5010571,1035,CANCEL,,727,
5020223,1036,LIMIT,BUY,100.33,54
5021257,1037,MARKET,BUY,,75
5022049,1038,LIMIT,SELL,100.36,52
5024302,1039,IOC,BUY,100.40,59
5030364,1040,IOC,SELL,100.49,28
5032716,1041,LIMIT,BUY,100.40,12
5040640,1042,IOC,SELL,100.48,39
5044116,1043,LIMIT,BUY,100.40,45
5053318,1044,IOC,SELL,100.40,57
5055164,1045,LIMIT,BUY,100.32,75
5064476,1046,LIMIT,BUY,100.40,64
5074038,1047,LIMIT,BUY,100.34,9
5081220,1048,LIMIT,SELL,100.39,48
5086194,1049,LIMIT,BUY,100.34,64
5093648,1050,LIMIT,BUY,100.38,7
5098432,1051,LIMIT,SELL,100.45,86
5102481,1052,IOC,SELL,100.49,50
5104493,1053,LIMIT,SELL,100.43,45
5114320,1054,LIMIT,SELL,100.42,55
5117954,1055,LIMIT,SELL,100.54,17
5119687,1056,CANCEL,,474,
5123876,1057,LIMIT,SELL,100.52,44
5127537,1058,LIMIT,BUY,100.41,94
5136122,1059,IOC,SELL,100.54,3
5138037,1060,IOC,BUY,100.43,58
5140172,1061,LIMIT,SELL,100.47,66
5144654,1062,LIMIT,BUY,100.41,38
5149046,1063,LIMIT,SELL,100.52,17
5152647,1064,LIMIT,SELL,100.52,51
5155282,1065,IOC,BUY,100.39,23
5163989,1066,LIMIT,SELL,100.47,47
5171637,1067,LIMIT,BUY,100.35,34
5171775,1068,LIMIT,BUY,100.42,28
5173662,1069,LIMIT,BUY,100.46,36
5179436,1070,LIMIT,BUY,100.34,84
5181395,1071,CANCEL,,649,
5185723,1072,LIMIT,SELL,100.48,31
5193831,1073,LIMIT,BUY,100.46,33
5195852,1074,LIMIT,SELL,100.46,96
5199210,1075,IOC,SELL,100.50,37
5203801,1076,LIMIT,SELL,100.40,49
5209634,1077,LIMIT,BUY,100.41,81
5218190,1078,LIMIT,SELL,100.43,4
5222251,1079,LIMIT,BUY,100.37,75
5230023,1080,LIMIT,BUY,100.41,4
5239989,1081,LIMIT,SELL,100.45,65
5242676,1082,LIMIT,BUY,100.37,23
5244968,1083,LIMIT,BUY,100.40,71
5250377,1084,LIMIT,SELL,100.41,78
5257962,1085,IOC,SELL,100.53,16
5267358,1086,LIMIT,SELL,100.50,3
5276276,1087,IOC,BUY,100.35,41
5277283,1088,LIMIT,SELL,100.46,84
5279900,1089,LIMIT,SELL,100.38,42
5288409,1090,LIMIT,BUY,100.31,52
5294343,1091,LIMIT,BUY,100.38,40
5295830,1092,LIMIT,BUY,100.44,37
5305006,1093,LIMIT,SELL,100.43,32
5306792,1094,MARKET,BUY,,80
5306911,1095,LIMIT,BUY,100.41,49
5315715,1096,LIMIT,SELL,100.50,51
5323661,1097,CANCEL,,942,
5327563,1098,LIMIT,SELL,100.41,47
5334809,1099,LIMIT,BUY,100.31,43
5335027,1100,MARKET,SELL,,71
5344142,1101,LIMIT,SELL,100.46,73
5344692,1102,CANCEL,,155,
5352476,1103,LIMIT,SELL,100.50,69
5361728,1104,LIMIT,SELL,100.50,94
5365388,1105,LIMIT,BUY,100.39,70
5372410,1106,LIMIT,BUY,100.43,29
5378101,1107,LIMIT,SELL,100.53,50
5387988,1108,LIMIT,SELL,100.47,61
5395531,1109,LIMIT,BUY,100.34,42
5398680,1110,LIMIT,BUY,100.36,23
5402564,1111,LIMIT,SELL,100.44,75
5408452,1112,LIMIT,SELL,100.50,43
5413946,1113,LIMIT,SELL,100.44,60
5422941,1114,LIMIT,BUY,100.43,48
5426574,1115,LIMIT,SELL,100.45,10
5435412,1116,LIMIT,BUY,100.37,74
5439718,1117,LIMIT,BUY,100.46,33
5440084,1118,LIMIT,BUY,100.36,13
5449921,1119,LIMIT,SELL,100.47,10
5457538,1120,LIMIT,BUY,100.39,67
5463210,1121,LIMIT,SELL,100.51,80
5472467,1122,IOC,BUY,100.35,69
5481985,1123,LIMIT,BUY,100.39,25
5482132,1124,IOC,SELL,100.43,76
5485090,1125,MARKET,BUY,,47
5490432,1126,LIMIT,SELL,100.52,10
5494292,1127,LIMIT,BUY,100.42,56
5499567,1128,IOC,SELL,100.51,42
5505899,1129,LIMIT,BUY,100.40,72
5514093,1130,LIMIT,SELL,100.51,11
5520947,1131,LIMIT,SELL,100.55,64
5524095,1132,LIMIT,BUY,100.39,21
5529578,1133,LIMIT,SELL,100.45,89
5536092,1134,LIMIT,SELL,100.51,27
5539923,1135,MARKET,BUY,,40
5541953,1136,LIMIT,SELL,100.56,1
5548658,1137,LIMIT,BUY,100.42,26
5554395,1138,MARKET,BUY,,80
5557652,1139,LIMIT,SELL,100.44,42
5565953,1140,LIMIT,SELL,100.43,68
5572952,1141,LIMIT,SELL,100.41,95
5580448,1142,CANCEL,,1042,
5585671,1143,LIMIT,SELL,100.51,44
5591487,1144,IOC,BUY,100.42,93
5599444,1145,LIMIT,SELL,100.44,50
5601065,1146,LIMIT,SELL,100.51,29
5603137,1147,LIMIT,SELL,100.54,75
5605946,1148,LIMIT,SELL,100.46,23
5609860,1149,LIMIT,BUY,100.43,45
5617085,1150,LIMIT,SELL,100.42,67
5617301,1151,LIMIT,BUY,100.40,40
5618073,1152,LIMIT,SELL,100.54,50
5619431,1153,LIMIT,BUY,100.40,94
5620056,1154,LIMIT,SELL,100.46,80
5629406,1155,LIMIT,BUY,100.36,81
5636997,1156,LIMIT,BUY,100.41,39
5640667,1157,LIMIT,SELL,100.52,75
5649820,1158,CANCEL,,306,
5651124,1159,LIMIT,SELL,100.42,21
5659320,1160,LIMIT,BUY,100.34,1
5663679,1161,IOC,BUY,100.36,42
5666186,1162,LIMIT,SELL,100.47,61
5673777,1163,IOC,BUY,100.49,59
5683072,1164,CANCEL,,433,
5692039,1165,LIMIT,SELL,100.47,85
5692403,1166,LIMIT,SELL,100.47,22
5699782,1167,LIMIT,SELL,100.52,36
5703114,1168,LIMIT,SELL,100.42,53
5704855,1169,LIMIT,BUY,100.42,82
5707282,1170,IOC,SELL,100.41,22
5710770,1171,LIMIT,BUY,100.39,84
5712307,1172,LIMIT,SELL,100.40,13
5721820,1173,LIMIT,BUY,100.41,76
5728818,1174,LIMIT,SELL,100.52,72
5737769,1175,LIMIT,BUY,100.44,39
5741222,1176,LIMIT,BUY,100.48,29
5742502,1177,LIMIT,SELL,100.52,95
5746925,1178,IOC,SELL,100.42,46
5755225,1179,LIMIT,BUY,100.49,10
5756481,1180,LIMIT,SELL,100.51,68
5762124,1181,LIMIT,BUY,100.40,37
5764686,1182,LIMIT,SELL,100.47,20
5766959,1183,IOC,BUY,100.43,73
5774255,1184,LIMIT,BUY,100.42,43
5774944,1185,LIMIT,SELL,100.51,48
5781867,1186,LIMIT,SELL,100.51,67
5785777,1187,LIMIT,BUY,100.44,27
5793563,1188,LIMIT,BUY,100.41,10
5795584,1189,LIMIT,BUY,100.46,62
5801721,1190,LIMIT,BUY,100.47,90
5805121,1191,IOC,BUY,100.38,1
5806987,1192,LIMIT,SELL,100.42,37
5808828,1193,LIMIT,BUY,100.43,31
5811173,1194,IOC,SELL,100.46,19
5814705,1195,LIMIT,BUY,100.45,41
5822404,1196,LIMIT,BUY,100.46,18
5826545,1197,MARKET,SELL,,58
5829381,1198,LIMIT,SELL,100.51,20
5834060,1199,LIMIT,SELL,100.50,97
5835520,1200,IOC,BUY,100.44,31
5836401,1201,LIMIT,SELL,100.57,46
5838104,1202,CANCEL,,1155,
5840252,1203,LIMIT,SELL,100.54,12
5845719,1204,LIMIT,BUY,100.50,77
5854929,1205,MARKET,SELL,,16
5862773,1206,LIMIT,BUY,100.53,17
5862950,1207,LIMIT,SELL,100.48,10
5865925,1208,LIMIT,SELL,100.46,31
5875237,1209,IOC,BUY,100.51,99
5883644,1210,LIMIT,BUY,100.46,95
5885494,1211,LIMIT,BUY,100.40,5
5895113,1212,LIMIT,BUY,100.53,56
5902808,1213,MARKET,SELL,,24
5903766,1214,LIMIT,BUY,100.47,65
5908143,1215,LIMIT,SELL,100.50,37
5910117,1216,LIMIT,SELL,100.45,31
5916042,1217,LIMIT,BUY,100.42,32
5921210,1218,IOC,SELL,100.55,34
5926193,1219,LIMIT,SELL,100.57,14
5928210,1220,LIMIT,BUY,100.37,63
5936253,1221,IOC,BUY,100.42,5
5943959,1222,CANCEL,,809,
5947299,1223,LIMIT,BUY,100.47,12
5953811,1224,LIMIT,SELL,100.46,58
5962438,1225,LIMIT,BUY,100.49,70
5965233,1226,IOC,SELL,100.51,35
5972926,1227,LIMIT,SELL,100.45,91
5978909,1228,IOC,SELL,100.48,78
5988445,1229,LIMIT,SELL,100.47,85
5992085,1230,LIMIT,BUY,100.37,49
5998085,1231,LIMIT,SELL,100.42,94
6000529,1232,LIMIT,SELL,100.54,73
6005143,1233,LIMIT,SELL,100.44,62
6011196,1234,LIMIT,BUY,100.41,99
6016303,1235,LIMIT,BUY,100.40,7
6023422,1236,LIMIT,SELL,100.41,61
6025633,1237,LIMIT,BUY,100.38,64
6027839,1238,LIMIT,BUY,100.45,33
6036275,1239,LIMIT,BUY,100.41,57
6038240,1240,LIMIT,SELL,100.55,97
6041994,1241,LIMIT,BUY,100.50,88
6046460,1242,LIMIT,SELL,100.44,10
6048956,1243,LIMIT,BUY,100.51,8
6054642,1244,LIMIT,BUY,100.50,10
6063595,1245,MARKET,SELL,,47
6068220,1246,IOC,SELL,100.52,9
6071816,1247,LIMIT,SELL,100.54,70
6077266,1248,LIMIT,SELL,100.58,10
6085430,1249,LIMIT,SELL,100.46,27
6086538,1250,LIMIT,SELL,100.49,18
6092433,1251,LIMIT,SELL,100.60,23
6098076,1252,LIMIT,BUY,100.53,7
6099186,1253,LIMIT,SELL,100.51,47
6100419,1254,LIMIT,BUY,100.45,36
6109127,1255,MARKET,BUY,,68
6117528,1256,CANCEL,,925,
6119881,1257,LIMIT,SELL,100.61,65
6126887,1258,LIMIT,SELL,100.65,36
6127990,1259,LIMIT,BUY,100.50,25
6133779,1260,IOC,BUY,100.51,69
6142618,1261,IOC,BUY,100.51,38
6146383,1262,LIMIT,SELL,100.64,54
6147890,1263,LIMIT,BUY,100.51,30
6151823,1264,IOC,BUY,100.47,97
6156040,1265,LIMIT,SELL,100.63,57
6157641,1266,LIMIT,SELL,100.54,12
6164288,1267,IOC,BUY,100.45,33
6164729,1268,LIMIT,SELL,100.60,59
6167553,1269,CANCEL,,313,
6170797,1270,IOC,SELL,100.61,18
6177857,1271,LIMIT,BUY,100.56,55
6187372,1272,LIMIT,SELL,100.55,10
6190896,1273,LIMIT,SELL,100.53,63
6199564,1274,LIMIT,BUY,100.50,7
6203467,1275,LIMIT,SELL,100.63,64
6209442,1276,LIMIT,SELL,100.63,5
6216428,1277,LIMIT,BUY,100.48,6
6221187,1278,LIMIT,SELL,100.64,7
6230339,1279,LIMIT,BUY,100.44,65
6230719,1280,IOC,BUY,100.52,72
6237961,1281,CANCEL,,1101,
6238749,1282,IOC,BUY,100.54,76
6248366,1283,CANCEL,,1027,
6251311,1284,LIMIT,BUY,100.44,38
6259090,1285,LIMIT,SELL,100.63,77
6263094,1286,IOC,SELL,100.60,68
6263447,1287,IOC,SELL,100.61,38
6270628,1288,LIMIT,SELL,100.54,31
6278341,1289,LIMIT,BUY,100.58,29
6279954,1290,LIMIT,SELL,100.64,4
6289115,1291,LIMIT,BUY,100.51,53
6292228,1292,LIMIT,SELL,100.56,70
6300262,1293,LIMIT,BUY,100.44,24
6306301,1294,IOC,BUY,100.51,27
6311898,1295,MARKET,BUY,,54
6316948,1296,LIMIT,BUY,100.46,56
6324755,1297,LIMIT,BUY,100.56,37
6333796,1298,LIMIT,SELL,100.52,20
6335376,1299,CANCEL,,628,
6343849,1300,LIMIT,BUY,100.45,30
6353739,1301,LIMIT,BUY,100.45,58
6358909,1302,IOC,BUY,100.45,24
6365757,1303,LIMIT,SELL,100.51,5
6370491,1304,LIMIT,SELL,100.55,98
6379243,1305,LIMIT,BUY,100.45,91
6381831,1306,IOC,BUY,100.48,72
6382544,1307,LIMIT,BUY,100.53,21
6385815,1308,CANCEL,,300,
6389398,1309,LIMIT,BUY,100.52,64
6397872,1310,LIMIT,SELL,100.64,86
6406604,1311,LIMIT,BUY,100.48,79
6407100,1312,LIMIT,SELL,100.56,47
6411889,1313,LIMIT,BUY,100.47,76
6421560,1314,LIMIT,SELL,100.57,81
6430595,1315,LIMIT,BUY,100.45,96
6431890,1316,LIMIT,SELL,100.62,27
6434635,1317,IOC,BUY,100.49,35
6443811,1318,MARKET,SELL,,15
6452412,1319,LIMIT,SELL,100.63,80
6459817,1320,LIMIT,SELL,100.56,10
6464104,1321,IOC,SELL,100.61,74
6466948,1322,LIMIT,BUY,100.46,69
6470582,1323,LIMIT,BUY,100.50,89
6471949,1324,LIMIT,SELL,100.52,38
6479206,1325,LIMIT,BUY,100.52,5
6484191,1326,LIMIT,SELL,100.62,48
6492973,1327,MARKET,SELL,,88
6493248,1328,CANCEL,,613,
6500120,1329,IOC,BUY,100.51,97
6505430,1330,IOC,SELL,100.55,75
6509532,1331,LIMIT,BUY,100.47,73
6512536,1332,LIMIT,BUY,100.55,15
6520006,1333,LIMIT,SELL,100.61,97
6528986,1334,LIMIT,SELL,100.65,34
6533881,1335,LIMIT,BUY,100.53,24
6543631,1336,IOC,BUY,100.49,87
6544756,1337,IOC,SELL,100.61,59
6547008,1338,LIMIT,SELL,100.60,24
6548951,1339,CANCEL,,561,
6551113,1340,CANCEL,,1209,
6556454,1341,LIMIT,BUY,100.59,2
6566394,1342,LIMIT,SELL,100.55,66
6571905,1343,LIMIT,SELL,100.65,6
6581795,1344,IOC,SELL,100.62,11
6589623,1345,LIMIT,SELL,100.66,13
6596671,1346,LIMIT,SELL,100.60,52
6604579,1347,LIMIT,SELL,100.66,23
6605676,1348,LIMIT,SELL,100.52,64
6614814,1349,LIMIT,SELL,100.56,51
6623447,1350,IOC,BUY,100.46,91
6633039,1351,LIMIT,SELL,100.59,96
6637383,1352,LIMIT,BUY,100.49,32
6642576,1353,LIMIT,SELL,100.52,38
6648825,1354,LIMIT,SELL,100.65,77
6655732,1355,LIMIT,SELL,100.64,65
6661731,1356,LIMIT,BUY,100.59,23
6669632,1357,LIMIT,SELL,100.55,88
6669851,1358,CANCEL,,490,
6674765,1359,LIMIT,BUY,100.62,3
6683850,1360,LIMIT,SELL,100.60,80
6693645,1361,LIMIT,BUY,100.54,24
6697834,1362,CANCEL,,1244,
6699263,1363,IOC,BUY,100.55,37
6701868,1364,LIMIT,BUY,100.52,13
6701995,1365,LIMIT,BUY,100.57,71
6704160,1366,LIMIT,BUY,100.53,90
6706132,1367,LIMIT,BUY,100.52,21
6715053,1368,LIMIT,BUY,100.62,47
6722575,1369,LIMIT,BUY,100.51,59
6730701,1370,LIMIT,BUY,100.63,4
6734424,1371,LIMIT,BUY,100.56,66
6736580,1372,LIMIT,SELL,100.67,64
6738197,1373,LIMIT,SELL,100.62,85
6740688,1374,LIMIT,SELL,100.56,75
6750157,1375,LIMIT,BUY,100.47,33
6758233,1376,LIMIT,BUY,100.52,100
6759242,1377,IOC,BUY,100.58,10
6767692,1378,IOC,SELL,100.69,44
6776424,1379,LIMIT,BUY,100.54,72
6779494,1380,LIMIT,SELL,100.57,8
6779967,1381,IOC,BUY,100.50,68
6785371,1382,CANCEL,,270,
6788610,1383,LIMIT,BUY,100.54,7
6798585,1384,LIMIT,SELL,100.67,15
6802625,1385,LIMIT,SELL,100.70,60
6806928,1386,LIMIT,SELL,100.57,12
6813920,1387,LIMIT,SELL,100.65,51
6814211,1388,LIMIT,BUY,100.59,73
6817465,1389,LIMIT,SELL,100.60,13
6823307,1390,LIMIT,SELL,100.68,4
6823977,1391,LIMIT,BUY,100.59,11
6824272,1392,LIMIT,SELL,100.56,45
6827916,1393,IOC,SELL,100.68,54
6835676,1394,LIMIT,SELL,100.68,47
6844782,1395,LIMIT,SELL,100.68,64
6848875,1396,IOC,BUY,100.55,34
6855858,1397,LIMIT,SELL,100.68,68
6858355,1398,LIMIT,BUY,100.53,43
6865227,1399,LIMIT,SELL,100.58,86
6866350,1400,LIMIT,BUY,100.68,33
6870190,1401,LIMIT,BUY,100.55,92
6879826,1402,LIMIT,BUY,100.57,67
6887945,1403,MARKET,BUY,,24
6891804,1404,LIMIT,BUY,100.62,54
6895586,1405,LIMIT,BUY,100.54,96
6902336,1406,LIMIT,SELL,100.74,22
6903133,1407,LIMIT,BUY,100.66,100
6908414,1408,IOC,BUY,100.66,87
6913862,1409,LIMIT,SELL,100.65,98
6921877,1410,LIMIT,BUY,100.54,75
6924113,1411,LIMIT,SELL,100.64,20
6931555,1412,LIMIT,BUY,100.53,67
6934901,1413,LIMIT,SELL,100.64,63
6936739,1414,LIMIT,BUY,100.58,25
6946335,1415,LIMIT,SELL,100.69,14
6950931,1416,LIMIT,SELL,100.72,78
6954930,1417,LIMIT,BUY,100.68,38
6962426,1418,CANCEL,,275,
6966867,1419,LIMIT,BUY,100.54,56
6971137,1420,LIMIT,BUY,100.56,39
6974765,1421,LIMIT,BUY,100.66,9
6980124,1422,LIMIT,SELL,100.66,56
6984717,1423,LIMIT,BUY,100.61,8
6993967,1424,LIMIT,BUY,100.62,19
6996184,1425,LIMIT,BUY,100.67,61
6996342,1426,LIMIT,SELL,100.70,84
7005517,1427,LIMIT,SELL,100.66,88
7012705,1428,IOC,BUY,100.56,8
7021386,1429,LIMIT,BUY,100.62,92
7027090,1430,LIMIT,BUY,100.62,48
7029867,1431,LIMIT,SELL,100.68,51
7036398,1432,LIMIT,BUY,100.63,94
7038980,1433,CANCEL,,886,
7048443,1434,LIMIT,BUY,100.57,4
7049676,1435,LIMIT,SELL,100.60,18
7054211,1436,LIMIT,BUY,100.65,80
7055681,1437,LIMIT,SELL,100.70,46
7056124,1438,LIMIT,BUY,100.55,76
7063672,1439,MARKET,BUY,,60
7067268,1440,LIMIT,BUY,100.58,61
7072176,1441,LIMIT,BUY,100.55,29
7078474,1442,LIMIT,BUY,100.59,87
7079002,1443,LIMIT,BUY,100.66,94
7080260,1444,LIMIT,BUY,100.62,37
7082655,1445,LIMIT,SELL,100.63,95
7087590,1446,LIMIT,BUY,100.70,80
7092530,1447,LIMIT,SELL,100.71,29
7095890,1448,LIMIT,BUY,100.62,61
7099607,1449,LIMIT,BUY,100.59,97
7105831,1450,IOC,SELL,100.74,50
7108887,1451,LIMIT,BUY,100.70,38
7109244,1452,LIMIT,BUY,100.61,63
7110840,1453,LIMIT,SELL,100.70,55
7119040,1454,LIMIT,SELL,100.75,43
7128715,1455,LIMIT,SELL,100.69,49
7134570,1456,IOC,SELL,100.72,67
7135721,1457,LIMIT,BUY,100.60,93
7136543,1458,LIMIT,BUY,100.64,93
7140208,1459,LIMIT,SELL,100.75,55
7148279,1460,MARKET,SELL,,23
7152283,1461,LIMIT,SELL,100.73,39
7162193,1462,LIMIT,SELL,100.69,36
7166059,1463,LIMIT,BUY,100.57,63
7172549,1464,LIMIT,SELL,100.71,37
7178653,1465,LIMIT,BUY,100.61,11
7187919,1466,LIMIT,SELL,100.61,64
7191604,1467,LIMIT,SELL,100.67,1
7197556,1468,LIMIT,BUY,100.69,34
7207515,1469,LIMIT,SELL,100.71,26
7208133,1470,LIMIT,SELL,100.73,87
7215176,1471,LIMIT,BUY,100.70,77
7218152,1472,MARKET,SELL,,17
7226120,1473,LIMIT,BUY,100.65,39
7230607,1474,IOC,SELL,100.67,48
7231939,1475,LIMIT,SELL,100.65,55
7241537,1476,LIMIT,SELL,100.71,9
7246129,1477,LIMIT,BUY,100.64,12
7251994,1478,CANCEL,,1438,
7259521,1479,LIMIT,SELL,100.72,39
7266269,1480,LIMIT,BUY,100.58,27
7267728,1481,LIMIT,BUY,100.60,15
7277301,1482,LIMIT,SELL,100.69,83
7281025,1483,LIMIT,SELL,100.70,51
7288616,1484,LIMIT,SELL,100.72,68
7291917,1485,LIMIT,SELL,100.69,89
7300438,1486,MARKET,BUY,,34
7308665,1487,LIMIT,BUY,100.61,64
7314685,1488,IOC,SELL,100.61,13
7322484,1489,LIMIT,SELL,100.61,42
7325954,1490,LIMIT,BUY,100.63,85
7330197,1491,LIMIT,SELL,100.69,25
7337637,1492,LIMIT,BUY,100.63,95
7341247,1493,IOC,BUY,100.62,88
7347613,1494,CANCEL,,332,
7350570,1495,LIMIT,BUY,100.56,97
7354823,1496,IOC,BUY,100.62,60
7357603,1497,LIMIT,SELL,100.67,18
7365616,1498,MARKET,SELL,,71
7367616,1499,IOC,BUY,100.62,49
7368543,1500,CANCEL,,483,
7377060,1501,IOC,BUY,100.61,89
7378540,1502,LIMIT,BUY,100.62,54
7386887,1503,CANCEL,,693,
7388216,1504,LIMIT,BUY,100.58,16
7393590,1505,IOC,SELL,100.67,94
7401031,1506,CANCEL,,914,
7404006,1507,LIMIT,BUY,100.63,41
7410352,1508,MARKET,SELL,,55
7410792,1509,LIMIT,SELL,100.75,42
7411645,1510,CANCEL,,1472,
7414278,1511,IOC,BUY,100.66,41
7417138,1512,LIMIT,SELL,100.75,63
7426981,1513,IOC,BUY,100.60,73
7431971,1514,LIMIT,SELL,100.67,5
7439046,1515,LIMIT,BUY,100.61,96
7440413,1516,LIMIT,SELL,100.78,11
7449767,1517,CANCEL,,288,
7455786,1518,LIMIT,SELL,100.63,85
7460590,1519,IOC,SELL,100.70,65
7466792,1520,LIMIT,BUY,100.65,71
7474664,1521,LIMIT,BUY,100.66,19
7483404,1522,LIMIT,SELL,100.78,98
7486536,1523,LIMIT,SELL,100.74,50
7487505,1524,LIMIT,SELL,100.70,80
7495060,1525,LIMIT,BUY,100.61,98
7500437,1526,LIMIT,BUY,100.59,97
7509120,1527,IOC,SELL,100.69,76
7511421,1528,LIMIT,BUY,100.58,8
7516039,1529,LIMIT,SELL,100.66,10
7522181,1530,LIMIT,BUY,100.71,33
7525139,1531,MARKET,SELL,,91
7525653,1532,LIMIT,BUY,100.66,77
7532733,1533,LIMIT,SELL,100.71,98
7542067,1534,LIMIT,BUY,100.65,35
7547305,1535,IOC,BUY,100.62,34
7554912,1536,LIMIT,SELL,100.67,28
7561934,1537,LIMIT,BUY,100.67,73
7569992,1538,LIMIT,SELL,100.70,61
7575493,1539,LIMIT,SELL,100.70,77
7578023,1540,LIMIT,SELL,100.78,26
7584653,1541,LIMIT,BUY,100.59,69
7589824,1542,CANCEL,,1527,
7596175,1543,MARKET,BUY,,13
7605702,1544,IOC,BUY,100.56,11
7609484,1545,LIMIT,BUY,100.60,2
7619001,1546,IOC,SELL,100.70,23
7625925,1547,LIMIT,SELL,100.67,98
7633057,1548,LIMIT,BUY,100.67,7
7636953,1549,LIMIT,BUY,100.68,20
7638126,1550,LIMIT,SELL,100.67,53
7641531,1551,LIMIT,BUY,100.67,85
7647355,1552,LIMIT,SELL,100.68,21
7653995,1553,LIMIT,SELL,100.71,15
7659488,1554,LIMIT,BUY,100.54,93
7666135,1555,IOC,BUY,100.64,33
7673413,1556,LIMIT,BUY,100.68,52
7681045,1557,MARKET,SELL,,65
7690321,1558,LIMIT,BUY,100.63,14
7699928,1559,LIMIT,SELL,100.74,22
7707255,1560,LIMIT,BUY,100.64,29
7707522,1561,LIMIT,BUY,100.64,14
7717029,1562,LIMIT,BUY,100.67,62
7721503,1563,IOC,BUY,100.68,6
7723694,1564,LIMIT,BUY,100.65,6
7732479,1565,LIMIT,BUY,100.66,80
7739839,1566,LIMIT,BUY,100.64,87
7742836,1567,LIMIT,SELL,100.79,22
7752221,1568,LIMIT,BUY,100.66,29
7761601,1569,LIMIT,BUY,100.69,39
7768814,1570,LIMIT,BUY,100.68,100
7769712,1571,MARKET,SELL,,86
7776936,1572,LIMIT,BUY,100.72,77
7784670,1573,LIMIT,BUY,100.63,78
7790572,1574,LIMIT,BUY,100.71,2
7797964,1575,LIMIT,BUY,100.70,92
7798073,1576,LIMIT,BUY,100.69,74
7806627,1577,LIMIT,SELL,100.72,38
7808410,1578,LIMIT,SELL,100.75,36
7816204,1579,LIMIT,BUY,100.62,81
7826199,1580,LIMIT,BUY,100.72,64
7834022,1581,IOC,BUY,100.69,2
7837008,1582,LIMIT,BUY,100.61,55
7842522,1583,IOC,BUY,100.69,68
7847367,1584,LIMIT,SELL,100.73,93
7856366,1585,LIMIT,SELL,100.78,15
7864116,1586,IOC,SELL,100.74,19
7868561,1587,LIMIT,BUY,100.66,90
7869771,1588,CANCEL,,1323,
7871205,1589,LIMIT,BUY,100.73,84
7879620,1590,LIMIT,BUY,100.61,15
7887176,1591,MARKET,BUY,,98
7892218,1592,LIMIT,BUY,100.62,50
7897021,1593,MARKET,BUY,,37
7904003,1594,LIMIT,SELL,100.77,46
7911797,1595,LIMIT,SELL,100.75,21
7919091,1596,LIMIT,SELL,100.77,88
7923471,1597,LIMIT,SELL,100.79,41
7926603,1598,LIMIT,SELL,100.83,56
7931070,1599,IOC,BUY,100.70,39
7938521,1600,LIMIT,SELL,100.68,43
7940807,1601,LIMIT,SELL,100.83,74
7947296,1602,LIMIT,BUY,100.65,99
7954991,1603,LIMIT,SELL,100.72,73
7963852,1604,LIMIT,BUY,100.79,44
7972631,1605,LIMIT,BUY,100.75,96
7978678,1606,LIMIT,BUY,100.69,59
7988084,1607,LIMIT,SELL,100.80,98
7992019,1608,LIMIT,BUY,100.75,3
7996100,1609,LIMIT,BUY,100.67,23
8002935,1610,LIMIT,BUY,100.67,89
8012694,1611,LIMIT,BUY,100.69,18
8013017,1612,LIMIT,SELL,100.77,30
8016567,1613,LIMIT,SELL,100.77,92
8021957,1614,IOC,SELL,100.77,69
8026055,1615,LIMIT,BUY,100.78,3
8033216,1616,LIMIT,SELL,100.81,62
8036804,1617,LIMIT,BUY,100.66,48
8043447,1618,LIMIT,BUY,100.68,54
8047328,1619,LIMIT,BUY,100.64,48
8051140,1620,LIMIT,SELL,100.76,82
8054026,1621,IOC,SELL,100.81,8
8057485,1622,LIMIT,BUY,100.73,48
8061946,1623,LIMIT,BUY,100.72,20
8067710,1624,LIMIT,SELL,100.74,24
8076795,1625,LIMIT,BUY,100.75,82
8080435,1626,IOC,SELL,100.76,55
8083467,1627,LIMIT,BUY,100.77,94
8092579,1628,LIMIT,SELL,100.74,61
8098154,1629,LIMIT,SELL,100.75,11
8107417,1630,LIMIT,SELL,100.75,46
8117108,1631,MARKET,SELL,,6
8122207,1632,LIMIT,SELL,100.80,54
8124727,1633,LIMIT,SELL,100.79,78
8131541,1634,IOC,SELL,100.78,71
8136633,1635,LIMIT,BUY,100.66,75
8145221,1636,LIMIT,SELL,100.83,70
8152110,1637,LIMIT,BUY,100.69,88
8155212,1638,LIMIT,SELL,100.77,53
8156237,1639,LIMIT,SELL,100.76,26
8157091,1640,LIMIT,SELL,100.79,37
8166684,1641,LIMIT,BUY,100.68,61
8171708,1642,IOC,BUY,100.74,77
8180472,1643,LIMIT,SELL,100.76,44
8185109,1644,LIMIT,BUY,100.74,40
8192884,1645,IOC,SELL,100.84,48
8198741,1646,LIMIT,BUY,100.79,28
8205255,1647,LIMIT,BUY,100.69,58
8209781,1648,LIMIT,SELL,100.77,73
8216978,1649,CANCEL,,291,
8226888,1650,MARKET,SELL,,36
8236514,1651,LIMIT,BUY,100.70,37
8238368,1652,LIMIT,SELL,100.82,41
8241999,1653,IOC,SELL,100.85,71
8242585,1654,LIMIT,BUY,100.74,70
8250426,1655,IOC,SELL,100.83,48
8251879,1656,LIMIT,SELL,100.74,41
8259369,1657,LIMIT,SELL,100.82,90
8261039,1658,LIMIT,SELL,100.84,78
8267325,1659,MARKET,SELL,,44
8272643,1660,LIMIT,SELL,100.82,46
8278818,1661,LIMIT,SELL,100.73,36
8283793,1662,LIMIT,SELL,100.86,62
8292456,1663,LIMIT,BUY,100.74,12
8293682,1664,CANCEL,,958,
8295202,1665,LIMIT,SELL,100.87,3
8302350,1666,LIMIT,SELL,100.82,18
8308798,1667,LIMIT,BUY,100.75,97
8313017,1668,LIMIT,SELL,100.83,88
8317205,1669,LIMIT,BUY,100.77,68
8321713,1670,LIMIT,BUY,100.79,76
8328585,1671,LIMIT,BUY,100.81,76
8329634,1672,LIMIT,SELL,100.78,53
8339349,1673,LIMIT,SELL,100.83,12
8343562,1674,IOC,SELL,100.83,62
8351726,1675,LIMIT,BUY,100.71,64
8355614,1676,LIMIT,BUY,100.70,23
8362797,1677,LIMIT,SELL,100.72,91
8366096,1678,LIMIT,BUY,100.81,53
8366546,1679,LIMIT,BUY,100.81,73
8372428,1680,LIMIT,BUY,100.82,89
8382309,1681,LIMIT,BUY,100.76,52
8386330,1682,LIMIT,BUY,100.81,91
8390181,1683,IOC,BUY,100.80,68
8396427,1684,CANCEL,,1300,
8405311,1685,LIMIT,BUY,100.69,91
8412227,1686,LIMIT,BUY,100.74,33
8420028,1687,MARKET,BUY,,16
8423946,1688,LIMIT,BUY,100.70,26
8429313,1689,IOC,BUY,100.70,72
8437431,1690,LIMIT,SELL,100.77,37
8445896,1691,LIMIT,BUY,100.75,9
8447745,1692,LIMIT,SELL,100.82,96
8455075,1693,LIMIT,BUY,100.76,46
8460265,1694,LIMIT,SELL,100.82,100
8468869,1695,LIMIT,SELL,100.83,62
8478621,1696,LIMIT,BUY,100.70,58
8483247,1697,LIMIT,BUY,100.84,54
8488282,1698,LIMIT,SELL,100.83,6
8491691,1699,LIMIT,SELL,100.81,76
8493251,1700,LIMIT,BUY,100.73,39
8500311,1701,LIMIT,SELL,100.84,79
8505027,1702,LIMIT,BUY,100.69,37
8507370,1703,LIMIT,SELL,100.88,65
8514007,1704,LIMIT,SELL,100.84,50
8518669,1705,IOC,BUY,100.80,7
8527436,1706,IOC,BUY,100.72,77
8530182,1707,LIMIT,SELL,100.88,60
8536090,1708,LIMIT,BUY,100.82,20
8537861,1709,IOC,BUY,100.75,82
8545673,1710,LIMIT,BUY,100.72,75
8549233,1711,LIMIT,BUY,100.83,50
8556752,1712,LIMIT,SELL,100.86,93
8562411,1713,LIMIT,BUY,100.82,29
8570875,1714,LIMIT,BUY,100.73,34
8572399,1715,LIMIT,BUY,100.80,80
8578110,1716,LIMIT,SELL,100.85,55
8587042,1717,LIMIT,SELL,100.87,63
8594300,1718,LIMIT,BUY,100.69,22
8595691,1719,LIMIT,SELL,100.89,54
8599298,1720,LIMIT,SELL,100.85,52
8607022,1721,LIMIT,SELL,100.84,52
8616371,1722,CANCEL,,1224,
8625184,1723,LIMIT,BUY,100.73,15
8630621,1724,LIMIT,SELL,100.74,39
8631602,1725,LIMIT,BUY,100.84,77
8635399,1726,LIMIT,BUY,100.75,48
8640458,1727,IOC,BUY,100.70,6
8643123,1728,LIMIT,SELL,100.89,20
8643734,1729,LIMIT,SELL,100.76,45
8649454,1730,LIMIT,SELL,100.76,64
8656780,1731,MARKET,BUY,,56
8660542,1732,LIMIT,BUY,100.74,38
8665444,1733,IOC,SELL,100.86,4
8666606,1734,LIMIT,BUY,100.68,85
8669753,1735,LIMIT,BUY,100.67,75
8674301,1736,LIMIT,SELL,100.87,55
8676189,1737,IOC,SELL,100.84,71
8680565,1738,LIMIT,BUY,100.75,74
8682672,1739,LIMIT,BUY,100.68,53
8683683,1740,LIMIT,BUY,100.75,64
8688863,1741,LIMIT,SELL,100.76,11
8695476,1742,LIMIT,SELL,100.83,56
8705179,1743,LIMIT,SELL,100.83,91
8714911,1744,LIMIT,BUY,100.76,8
8716420,1745,LIMIT,BUY,100.77,80
8725765,1746,LIMIT,SELL,100.74,77
8734963,1747,IOC,BUY,100.67,93
8742094,1748,LIMIT,SELL,100.81,30
8746357,1749,LIMIT,SELL,100.78,19
8749075,1750,LIMIT,BUY,100.80,75
8753201,1751,LIMIT,BUY,100.81,92
8757294,1752,LIMIT,BUY,100.81,68
8761210,1753,LIMIT,SELL,100.80,16
8761993,1754,LIMIT,BUY,100.76,2
8768109,1755,IOC,SELL,100.81,36
8770375,1756,IOC,SELL,100.84,63
8779324,1757,LIMIT,SELL,100.87,18
8782689,1758,LIMIT,SELL,100.87,59
8786978,1759,LIMIT,SELL,100.74,2
8788102,1760,LIMIT,BUY,100.76,3
8792239,1761,MARKET,SELL,,21
8799263,1762,LIMIT,SELL,100.85,22
8806536,1763,LIMIT,BUY,100.72,59
8809471,1764,LIMIT,BUY,100.74,14
8815069,1765,LIMIT,BUY,100.72,76
8817285,1766,LIMIT,BUY,100.74,68
8824126,1767,LIMIT,BUY,100.76,28
8826907,1768,LIMIT,SELL,100.85,88
8828282,1769,LIMIT,SELL,100.83,12
8829277,1770,MARKET,BUY,,20
8832466,1771,LIMIT,SELL,100.78,86
8842076,1772,MARKET,SELL,,22
8842185,1773,LIMIT,BUY,100.73,99
8844347,1774,LIMIT,SELL,100.85,79
8845016,1775,LIMIT,BUY,100.85,71
8851448,1776,IOC,SELL,100.80,83
8854952,1777,LIMIT,SELL,100.79,25
8864671,1778,LIMIT,SELL,100.78,15
8870974,1779,IOC,SELL,100.86,54
8871275,1780,IOC,SELL,100.91,96
8879755,1781,CANCEL,,1371,
8882807,1782,LIMIT,SELL,100.79,62
8889318,1783,LIMIT,SELL,100.78,85
8898346,1784,LIMIT,SELL,100.83,90
8899421,1785,LIMIT,SELL,100.77,43
8903771,1786,CANCEL,,713,
8904864,1787,IOC,BUY,100.77,90
8910533,1788,LIMIT,SELL,100.85,97
8917676,1789,LIMIT,SELL,100.79,82
8922372,1790,LIMIT,BUY,100.76,89
8925760,1791,LIMIT,SELL,100.85,37
8926652,1792,LIMIT,SELL,100.79,36
8932526,1793,LIMIT,SELL,100.84,69
8941944,1794,LIMIT,BUY,100.80,41
8951214,1795,LIMIT,BUY,100.75,40
8958923,1796,LIMIT,BUY,100.83,7
8968023,1797,IOC,SELL,100.85,92
8971620,1798,LIMIT,SELL,100.87,75
8973977,1799,LIMIT,BUY,100.75,21
8977218,1800,LIMIT,BUY,100.82,44
8980236,1801,LIMIT,BUY,100.82,18
8983172,1802,LIMIT,SELL,100.86,30
8991408,1803,LIMIT,SELL,100.90,28
8998708,1804,LIMIT,BUY,100.77,7
9000536,1805,LIMIT,BUY,100.82,86
9005250,1806,LIMIT,SELL,100.83,78
9006756,1807,LIMIT,SELL,100.91,40
9011261,1808,LIMIT,BUY,100.83,26
9019035,1809,LIMIT,BUY,100.77,97
9020337,1810,LIMIT,BUY,100.73,12
9025832,1811,MARKET,BUY,,5
9028856,1812,LIMIT,BUY,100.74,58
9033278,1813,LIMIT,BUY,100.74,69
9042118,1814,LIMIT,BUY,100.74,33
9047129,1815,LIMIT,SELL,100.93,71
9055661,1816,LIMIT,BUY,100.79,92
9057329,1817,LIMIT,BUY,100.74,23
9061120,1818,LIMIT,SELL,100.83,62
9068166,1819,LIMIT,SELL,100.84,40
9072485,1820,LIMIT,BUY,100.81,15
9075362,1821,LIMIT,SELL,100.79,2
9080843,1822,LIMIT,SELL,100.83,20
9081242,1823,LIMIT,SELL,100.88,32
9081713,1824,LIMIT,BUY,100.81,2
9091231,1825,LIMIT,BUY,100.79,99
9094684,1826,LIMIT,BUY,100.73,74
9099024,1827,LIMIT,BUY,100.76,58
9105159,1828,LIMIT,SELL,100.78,84
9114468,1829,LIMIT,SELL,100.91,56
9118848,1830,IOC,SELL,100.84,16
9128764,1831,LIMIT,BUY,100.75,53
9130385,1832,LIMIT,SELL,100.91,51
9134699,1833,LIMIT,SELL,100.84,91
9141332,1834,LIMIT,SELL,100.87,61
9146717,1835,IOC,BUY,100.78,19
9149542,1836,LIMIT,BUY,100.74,5
9155244,1837,LIMIT,BUY,100.74,84
9163204,1838,CANCEL,,148,
9172744,1839,LIMIT,BUY,100.73,33
9180511,1840,LIMIT,BUY,100.81,66
9181853,1841,LIMIT,SELL,100.87,57
9189389,1842,LIMIT,BUY,100.86,13
9196873,1843,IOC,SELL,100.89,84
9205859,1844,LIMIT,SELL,100.82,85
9210830,1845,LIMIT,BUY,100.82,69
9214400,1846,LIMIT,SELL,100.90,31
9223422,1847,LIMIT,BUY,100.82,57
9226064,1848,LIMIT,BUY,100.86,42
9227646,1849,LIMIT,BUY,100.82,98
9232762,1850,LIMIT,SELL,100.92,21
9235836,1851,LIMIT,BUY,100.90,22
9239207,1852,LIMIT,SELL,100.94,58
9244568,1853,CANCEL,,1575,
9250602,1854,LIMIT,BUY,100.91,61
9254529,1855,IOC,BUY,100.90,5
9264432,1856,IOC,BUY,100.92,84
9269126,1857,CANCEL,,62,
9272619,1858,LIMIT,SELL,100.93,87
9279366,1859,LIMIT,BUY,100.83,62
9286677,1860,IOC,SELL,100.93,96
9295179,1861,LIMIT,BUY,100.80,28
9298949,1862,LIMIT,SELL,100.96,89
9307041,1863,LIMIT,SELL,100.94,48
9316165,1864,LIMIT,BUY,100.85,36
9325148,1865,IOC,BUY,100.84,11
9331440,1866,LIMIT,BUY,100.82,39
9335347,1867,LIMIT,BUY,100.84,38
9340028,1868,CANCEL,,1043,
9349372,1869,LIMIT,BUY,100.91,92
9357477,1870,LIMIT,BUY,100.90,5
9366990,1871,MARKET,SELL,,87
9376944,1872,IOC,BUY,100.83,84
9381860,1873,LIMIT,BUY,100.88,24
9388874,1874,LIMIT,BUY,100.81,86
9396646,1875,LIMIT,SELL,100.91,80
9400846,1876,LIMIT,SELL,100.92,40
9405771,1877,LIMIT,BUY,100.85,67
9406036,1878,LIMIT,BUY,100.79,75
9414129,1879,LIMIT,BUY,100.87,77
9423342,1880,IOC,BUY,100.89,11
9432535,1881,LIMIT,SELL,100.83,26
9435560,1882,IOC,BUY,100.79,24
9445556,1883,LIMIT,BUY,100.88,22
9453592,1884,LIMIT,SELL,100.90,59
9462746,1885,LIMIT,BUY,100.78,71
9466148,1886,LIMIT,SELL,100.90,45
9469544,1887,LIMIT,BUY,100.87,41
9477947,1888,LIMIT,BUY,100.92,61
9483620,1889,LIMIT,SELL,100.94,25
9486624,1890,IOC,SELL,100.97,13
9488661,1891,LIMIT,BUY,100.80,85
9491945,1892,LIMIT,SELL,100.95,34
9496099,1893,LIMIT,SELL,100.99,1
9502932,1894,LIMIT,SELL,100.98,49
9511799,1895,LIMIT,SELL,100.87,52
9516620,1896,LIMIT,SELL,100.99,62
9525944,1897,LIMIT,BUY,100.97,97
9533808,1898,CANCEL,,1858,
9539219,1899,LIMIT,BUY,100.91,2
9547474,1900,IOC,BUY,100.89,85
9551249,1901,LIMIT,BUY,100.92,28
9557204,1902,IOC,SELL,100.94,2
9557898,1903,LIMIT,BUY,100.82,37
9562456,1904,LIMIT,SELL,100.98,74
9572130,1905,LIMIT,SELL,100.95,86
9579822,1906,IOC,BUY,100.83,74
9583942,1907,LIMIT,SELL,100.97,53
9589216,1908,LIMIT,SELL,100.98,66
9599094,1909,LIMIT,SELL,100.88,46
9601101,1910,LIMIT,SELL,100.87,74
9607871,1911,LIMIT,BUY,100.88,12
9611268,1912,LIMIT,SELL,100.91,27
9619939,1913,IOC,BUY,100.83,47
9626252,1914,LIMIT,SELL,100.94,27
9634104,1915,IOC,BUY,100.81,60
9640748,1916,LIMIT,SELL,100.94,43
9649836,1917,LIMIT,SELL,100.93,34
9658350,1918,CANCEL,,412,
9667905,1919,LIMIT,SELL,100.96,97
9670814,1920,LIMIT,SELL,100.92,50
9672786,1921,LIMIT,BUY,100.87,62
9682083,1922,CANCEL,,1187,
9687820,1923,LIMIT,SELL,101.01,95
9697720,1924,LIMIT,BUY,100.81,43
9706945,1925,LIMIT,BUY,100.84,68
9713815,1926,LIMIT,BUY,100.91,86
9717334,1927,LIMIT,BUY,100.89,54
9724764,1928,LIMIT,SELL,100.98,20
9726826,1929,LIMIT,BUY,100.90,81
9731209,1930,LIMIT,BUY,100.88,77
9734916,1931,LIMIT,SELL,100.95,78
9740104,1932,MARKET,BUY,,70
9743829,1933,MARKET,BUY,,87
9753385,1934,LIMIT,SELL,100.92,40
9755215,1935,LIMIT,SELL,100.99,9
9759553,1936,IOC,SELL,100.88,15
9768426,1937,IOC,SELL,100.88,3
9774698,1938,LIMIT,BUY,100.85,64
9779400,1939,LIMIT,BUY,100.87,25
9786770,1940,LIMIT,BUY,100.88,81
9795438,1941,LIMIT,BUY,100.92,37
9801325,1942,CANCEL,,927,
9803154,1943,MARKET,BUY,,58
9808596,1944,LIMIT,SELL,100.90,85
9815546,1945,LIMIT,SELL,100.99,59
9821513,1946,LIMIT,BUY,100.88,2
9822817,1947,IOC,BUY,100.82,72
9831745,1948,LIMIT,SELL,100.87,2
9838692,1949,LIMIT,BUY,100.79,55
9847794,1950,MARKET,BUY,,58
9848367,1951,LIMIT,SELL,100.94,15
9853361,1952,IOC,SELL,100.85,63
9854339,1953,LIMIT,BUY,100.84,9
9861423,1954,LIMIT,SELL,100.91,79
9870054,1955,LIMIT,BUY,100.86,72
9879741,1956,MARKET,SELL,,17
9880678,1957,LIMIT,BUY,100.85,25
9882781,1958,LIMIT,SELL,100.96,88
9883052,1959,LIMIT,BUY,100.94,29
9888894,1960,IOC,BUY,100.81,70
9897328,1961,LIMIT,BUY,100.82,30
9901154,1962,LIMIT,BUY,100.82,47
9905384,1963,LIMIT,BUY,100.82,14
9913837,1964,IOC,BUY,100.77,24
9918334,1965,LIMIT,BUY,100.82,70
9922100,1966,MARKET,BUY,,79
9931622,1967,LIMIT,SELL,100.87,39
9932465,1968,IOC,BUY,100.77,21
9937905,1969,LIMIT,SELL,100.85,40
9939551,1970,IOC,SELL,100.95,48
9946102,1971,LIMIT,BUY,100.91,42
9953715,1972,LIMIT,SELL,100.93,63
9960751,1973,LIMIT,BUY,100.81,87
9961093,1974,LIMIT,BUY,100.78,84
9964343,1975,LIMIT,BUY,100.91,7
9967719,1976,LIMIT,SELL,100.83,37
9970191,1977,IOC,SELL,100.94,16
9976484,1978,LIMIT,BUY,100.81,66
9985364,1979,LIMIT,BUY,100.80,57
9989643,1980,MARKET,SELL,,40
9996550,1981,LIMIT,BUY,100.78,39
10005021,1982,LIMIT,SELL,100.95,72
10013637,1983,LIMIT,SELL,100.87,7
10016175,1984,MARKET,SELL,,28
10018354,1985,LIMIT,SELL,100.85,29
10021632,1986,LIMIT,BUY,100.88,8
10026061,1987,LIMIT,BUY,100.76,44
10033253,1988,MARKET,BUY,,89
10035885,1989,LIMIT,BUY,100.86,45
10037023,1990,LIMIT,BUY,100.74,23
10039485,1991,MARKET,SELL,,49
10042843,1992,LIMIT,BUY,100.81,56
10046087,1993,LIMIT,SELL,100.90,20
10047071,1994,LIMIT,BUY,100.82,23
10047814,1995,IOC,BUY,100.88,14
10056939,1996,LIMIT,BUY,100.80,55
10064632,1997,IOC,BUY,100.74,77
10068447,1998,IOC,BUY,100.82,52
10076267,1999,LIMIT,BUY,100.77,23
10078289,2000,LIMIT,SELL,100.85,70
